url,recommended_urls
http://gshow.globo.com/tudo-mais/tv-e-famosos/noticia/maira-cardi-mostra-novos-prints-sobre-treta-com-mulher-de-thiago-silva.ghtml,"[[""http://gshow.globo.com/tudo-mais/tv-e-famosos/noticia/maira-cardi-comenta-polemicas-e-desabafa-em-live.ghtml"", 0.3203], [""http://gshow.globo.com/tudo-mais/tv-e-famosos/noticia/deborah-secco-se-diverte-com-revelacao-intima-sobre-hugo-moura-exposto-em-rede-nacional.ghtml"", 0.2538], [""http://gshow.globo.com/tudo-mais/tv-e-famosos/noticia/belle-silva-se-pronuncia-sobre-rumores-de-thiago-participar-em-programa-de-emagrecimento.ghtml"", 0.2163], [""http://gshow.globo.com/realities/no-limite/2023/noticia/ultima-famosa-a-deixar-o-no-limite-carol-nakamura-conta-que-foi-julgada-tentaram-dizer-que-nao-preciso.ghtml"", 0.2019], [""http://gshow.globo.com/tudo-mais/tv-e-famosos/noticia/deborah-secco-revela-detalhe-da-anatomia-intima-de-hugo-moura-na-estreia-de-sobre-nos-dois.ghtml"", 0.2001], [""http://gshow.globo.com/tudo-mais/tv-e-famosos/noticia/sheron-menezzes-enaltece-relacionamento-de-12-anos-com-marido-ele-me-completa.ghtml"", 0.1991], [""http://gshow.globo.com/tudo-mais/tv-e-famosos/noticia/mae-de-larissa-manoela-silvana-taques-diz-em-entrevista-nunca-quisemos-ficar-com-nada-dela.ghtml"", 0.1807], [""http://gshow.globo.com/tudo-mais/tv-e-famosos/noticia/alice-wegmann-fala-sobre-abuso-sofrido-as-feridas-tao-muito-abertas-ainda.ghtml"", 0.1717], [""http://gshow.globo.com/tudo-mais/tv-e-famosos/noticia/jojo-todynho-explica-decisao-de-fazer-bariatrica-e-diz-eu-nunca-romantizei-a-obesidade.ghtml"", 0.1713], [""http://gshow.globo.com/tudo-mais/tv-e-famosos/noticia/sobrinha-de-preta-gil-flor-gil-posta-declaracao-apos-cirurgia-da-cantora-sua-forca-me-inspira.ghtml"", 0.1586]]"
http://gshow.globo.com/tudo-mais/tv-e-famosos/noticia/larissa-manoela-tem-dia-de-malhacao-com-o-noivo-andre-luiz-frambach.ghtml,"[[""http://gshow.globo.com/tudo-mais/tv-e-famosos/noticia/aline-wirley-faz-topless-no-quintal-de-casa.ghtml"", 0.2644], [""http://gshow.globo.com/ep/loreal-paris/noticia/em-nova-fase-carla-diaz-mantem-rotina-de-cuidados.ghtml"", 0.2155], [""http://gshow.globo.com/tudo-mais/tv-e-famosos/noticia/filho-de-murilo-benicio-e-alessandra-negrini-antonio-benicio-anima-seguidores-com-foto-sem-camisa.ghtml"", 0.2104], [""http://gshow.globo.com/tudo-mais/tv-e-famosos/noticia/mae-de-larissa-manoela-silvana-taques-diz-em-entrevista-nunca-quisemos-ficar-com-nada-dela.ghtml"", 0.2049], [""http://gshow.globo.com/tudo-mais/tv-e-famosos/noticia/bruna-biancardi-deseja-sorte-a-neymar-em-apresentacao-do-jogador-no-al-hilal.ghtml"", 0.197], [""http://gshow.globo.com/tudo-mais/pop/noticia/laura-cardoso-recebe-abraco-apertado-de-ingrid-guimaraes-no-festival-de-gramado.ghtml"", 0.1775], [""http://gshow.globo.com/novelas/mundo-de-novela/noticia/relembre-a-carreira-de-larissa-manoela.ghtml"", 0.1758], [""http://gshow.globo.com/tudo-mais/tv-e-famosos/noticia/pedro-novaes-filho-de-marcelo-novaes-impressiona-com-bracos-a-mostra-em-look.ghtml"", 0.1561], [""http://gshow.globo.com/tudo-mais/tv-e-famosos/noticia/filho-de-neymar-davi-lucca-impressiona-com-ingles-fluente-durante-entrevista.ghtml"", 0.1545], [""http://gshow.globo.com/tudo-mais/viralizou/noticia/larissa-manoela-ganhou-mais-de-2-milhoes-de-seguidores-apos-entrevista-sobre-o-rompimento-com-os-pais.ghtml"", 0.1398]]"
http://gshow.globo.com/tudo-mais/pop/noticia/dublador-de-mario-se-aposenta-de-personagem-apos-mais-de-30-anos.ghtml,"[[""http://gshow.globo.com/tudo-mais/the-town/noticia/foo-figthers-no-the-town-banda-retorna-para-se-apresentar-no-mesmo-local-de-show-cancelado.ghtml"", 0.206], [""http://gshow.globo.com/tudo-mais/tv-e-famosos/noticia/preta-gil-passa-bem-apos-cirurgia-para-retirada-do-cancer-no-intestino.ghtml"", 0.1741], [""http://gshow.globo.com/novelas/terra-e-paixao/vem-por-ai/noticia/terra-e-paixao-luigi-e-anely-encontram-tesouro-em-barras-de-ouro.ghtml"", 0.1524], [""http://gshow.globo.com/novelas/mundo-de-novela/noticia/forca-de-um-desejo-figurino-inspirado-em-imperatriz-e-personagem-revisitada-confira-outras-curiosidades.ghtml"", 0.1486], [""http://gshow.globo.com/realities/no-limite/2023/noticia/desespero-em-desempate-com-eliminacao-dupla-marcam-o-penultimo-episodio-do-no-limite-2023.ghtml"", 0.1439], [""http://gshow.globo.com/tudo-mais/tv-e-famosos/noticia/lea-garcia-estava-feliz-com-o-reconhecimento-e-falou-sobre-viver-por-mais-90-anos-em-ultima-entrevista.ghtml"", 0.1431], [""http://gshow.globo.com/tudo-mais/tv-e-famosos/noticia/leo-santana-usa-jaqueta-grifada-de-mais-de-r-27-mil-para-show-em-portugal.ghtml"", 0.1296], [""http://gshow.globo.com/novelas/fuzue/resumo/20230828-a-20230903-4027771c62194aa1bc631806fe20aeef.ghtml"", 0.1243], [""http://gshow.globo.com/tudo-mais/tv-e-famosos/noticia/bruce-springsteen-adia-datas-da-turne-por-conta-de-doenca-nao-revelada.ghtml"", 0.1217], [""http://gshow.globo.com/tudo-mais/pop/noticia/globoplay-lanca-3a-colecao-de-nfts-do-xuxaverso-com-venda-de-10-figurinhas-ineditas.ghtml"", 0.112]]"
http://gshow.globo.com/tudo-mais/tv-e-famosos/noticia/mileide-mihaile-mostra-look-para-show-de-beyonce-em-miami-e-realiza-sonho-como-fa.ghtml,"[[""http://gshow.globo.com/tudo-mais/tv-e-famosos/noticia/claudia-ohana-faz-book-com-roupa-estilosa-e-seguidores-elogiam-deusa-suprema.ghtml"", 0.3187], [""http://gshow.globo.com/tudo-mais/tv-e-famosos/noticia/bruna-biancardi-deseja-sorte-a-neymar-em-apresentacao-do-jogador-no-al-hilal.ghtml"", 0.2809], [""http://gshow.globo.com/tudo-mais/tv-e-famosos/noticia/leo-santana-usa-jaqueta-grifada-de-mais-de-r-27-mil-para-show-em-portugal.ghtml"", 0.2419], [""http://gshow.globo.com/tudo-mais/tv-e-famosos/noticia/cezar-black-troca-beijos-com-morena-em-festival-de-musica-em-sao-paulo.ghtml"", 0.2369], [""http://gshow.globo.com/tudo-mais/tv-e-famosos/noticia/lexa-pega-carona-no-jatinho-de-anitta.ghtml"", 0.21], [""http://gshow.globo.com/tudo-mais/viralizou/noticia/influenciadora-se-defender-apos-ser-vista-com-sete-segurancas-fora-de-contexto.ghtml"", 0.1791], [""http://gshow.globo.com/tudo-mais/tv-e-famosos/noticia/filho-de-murilo-benicio-e-alessandra-negrini-antonio-benicio-anima-seguidores-com-foto-sem-camisa.ghtml"", 0.1748], [""http://gshow.globo.com/tudo-mais/tv-e-famosos/noticia/sobrinha-de-preta-gil-flor-gil-posta-declaracao-apos-cirurgia-da-cantora-sua-forca-me-inspira.ghtml"", 0.1634], [""http://gshow.globo.com/tudo-mais/tv-e-famosos/noticia/publico-compara-filha-com-personagem-de-gabriela-duarte-em-foto-publicada-pela-atriz.ghtml"", 0.1535], [""http://gshow.globo.com/tudo-mais/tv-e-famosos/noticia/mister-m-reencontra-cid-moreira-e-aparece-em-foto-ao-lado-do-apresentador.ghtml"", 0.1478]]"
http://gshow.globo.com/tudo-mais/tv-e-famosos/noticia/mae-de-larissa-manoela-silvana-taques-diz-em-entrevista-nunca-quisemos-ficar-com-nada-dela.ghtml,"[[""http://gshow.globo.com/tudo-mais/tv-e-famosos/noticia/mae-de-larissa-manoela-silvana-fala-sobre-o-rompimento-com-a-filha.ghtml"", 0.3502], [""http://gshow.globo.com/tudo-mais/tv-e-famosos/noticia/mae-de-larissa-manoela-da-sua-versao-da-disputa-com-a-filha-em-nova-entrevista.ghtml"", 0.3192], [""http://gshow.globo.com/novelas/mundo-de-novela/noticia/relembre-a-carreira-de-larissa-manoela.ghtml"", 0.2387], [""http://gshow.globo.com/tudo-mais/viralizou/noticia/larissa-manoela-ganhou-mais-de-2-milhoes-de-seguidores-apos-entrevista-sobre-o-rompimento-com-os-pais.ghtml"", 0.2225], [""http://gshow.globo.com/realities/no-limite/2023/noticia/apos-no-limite-paulinho-vilhena-revela-vontade-de-retomar-seriado-de-sandy-e-junior-a-gente-ja-escreveu-algumas-coisas.ghtml"", 0.2216], [""http://gshow.globo.com/tudo-mais/tv-e-famosos/noticia/hariany-confirma-romance-com-filho-de-leonardo-estamos-ficando-nos-curtindo-esta-leve.ghtml"", 0.2167], [""http://gshow.globo.com/realities/no-limite/2023/noticia/ultima-famosa-a-deixar-o-no-limite-carol-nakamura-conta-que-foi-julgada-tentaram-dizer-que-nao-preciso.ghtml"", 0.2126], [""http://gshow.globo.com/tudo-mais/tv-e-famosos/noticia/larissa-manoela-tem-dia-de-malhacao-com-o-noivo-andre-luiz-frambach.ghtml"", 0.2049], [""http://gshow.globo.com/tudo-mais/tv-e-famosos/noticia/sobrinha-de-preta-gil-flor-gil-posta-declaracao-apos-cirurgia-da-cantora-sua-forca-me-inspira.ghtml"", 0.1978], [""http://gshow.globo.com/tudo-mais/tv-e-famosos/noticia/sabrina-sato-e-marcelo-adnet-participam-do-lancamento-de-sobre-nos-dois.ghtml"", 0.1833]]"
http://gshow.globo.com/novelas/fuzue/vem-por-ai/noticia/fuzue-luna-descobre-pista-importante-sobre-o-passado-de-sua-mae-em-paraty.ghtml,"[[""http://gshow.globo.com/novelas/fuzue/vem-por-ai/noticia/fuzue-luna-salva-a-vida-do-filho-de-preciosa.ghtml"", 0.4719], [""http://gshow.globo.com/novelas/fuzue/vem-por-ai/noticia/fuzue-luna-e-surpreendida-por-preciosa-com-uma-faca-no-meio-da-mata.ghtml"", 0.4207], [""http://gshow.globo.com/novelas/amor-perfeito/vem-por-ai/noticia/amor-perfeito-orlando-descobre-pista-crucial-sobre-leonel-rubiao.ghtml"", 0.3626], [""http://gshow.globo.com/novelas/terra-e-paixao/vem-por-ai/noticia/terra-e-paixao-agatha-revela-por-que-forjou-a-propria-morte.ghtml"", 0.3104], [""http://gshow.globo.com/novelas/terra-e-paixao/vem-por-ai/noticia/terra-e-paixao-luigi-e-anely-encontram-tesouro-em-barras-de-ouro.ghtml"", 0.281], [""http://gshow.globo.com/novelas/terra-e-paixao/noticia/terra-e-paixao-debora-ozorio-detalha-estudo-sobre-abuso-sexual-para-viver-drama-de-petra.ghtml"", 0.2287], [""http://gshow.globo.com/novelas/terra-e-paixao/vem-por-ai/noticia/terra-e-paixao-irene-da-tapa-na-cara-de-angelina-por-causa-de-agatha.ghtml"", 0.2057], [""http://gshow.globo.com/novelas/terra-e-paixao/vem-por-ai/noticia/terra-e-paixao-luigi-e-anely-sao-presos.ghtml"", 0.1932], [""http://gshow.globo.com/novelas/fuzue/vem-por-ai/noticia/fuzue-preciosa-ameaca-com-faca-e-atacada-por-gansos-e-desmaia.ghtml"", 0.1892], [""http://gshow.globo.com/novelas/amor-perfeito/vem-por-ai/noticia/amor-perfeito-jesus-resgata-frei-joao-da-morte-entenda-como-sera-a-cena.ghtml"", 0.1535]]"
http://gshow.globo.com/tudo-mais/tv-e-famosos/noticia/claudia-ohana-faz-book-com-roupa-estilosa-e-seguidores-elogiam-deusa-suprema.ghtml,"[[""http://gshow.globo.com/tudo-mais/tv-e-famosos/noticia/mileide-mihaile-mostra-look-para-show-de-beyonce-em-miami-e-realiza-sonho-como-fa.ghtml"", 0.3187], [""http://gshow.globo.com/moda-e-beleza/noticia/isis-valverde-brilha-com-calca-de-r10-mil-em-premiere-de-angela-veja-detalhes-do-look.ghtml"", 0.2868], [""http://gshow.globo.com/tudo-mais/tv-e-famosos/noticia/sobrinha-de-preta-gil-flor-gil-posta-declaracao-apos-cirurgia-da-cantora-sua-forca-me-inspira.ghtml"", 0.2442], [""http://gshow.globo.com/moda-e-beleza/noticia/ronda-de-looks-veja-as-producoes-que-as-famosas-usaram-durante-os-eventos-da-semana.ghtml"", 0.2433], [""http://gshow.globo.com/tudo-mais/tv-e-famosos/noticia/aline-wirley-faz-topless-no-quintal-de-casa.ghtml"", 0.2345], [""http://gshow.globo.com/tudo-mais/tv-e-famosos/noticia/pedro-novaes-filho-de-marcelo-novaes-impressiona-com-bracos-a-mostra-em-look.ghtml"", 0.2263], [""http://gshow.globo.com/tudo-mais/tv-e-famosos/noticia/lexa-pega-carona-no-jatinho-de-anitta.ghtml"", 0.2118], [""http://gshow.globo.com/tudo-mais/tv-e-famosos/noticia/fas-lotam-rede-social-de-hugo-moura-apos-comentario-de-deborah-secco-o-brasil-ficou-curioso.ghtml"", 0.1942], [""http://gshow.globo.com/moda-e-beleza/noticia/lingerie-no-dia-a-dia-aprenda-a-montar-cinco-looks-com-pecas-do-seu-guarda-roupa-intimo.ghtml"", 0.1759], [""http://gshow.globo.com/tudo-mais/tv-e-famosos/noticia/filho-de-murilo-benicio-e-alessandra-negrini-antonio-benicio-anima-seguidores-com-foto-sem-camisa.ghtml"", 0.1691]]"
http://gshow.globo.com/tudo-mais/pop/noticia/laura-cardoso-recebe-abraco-apertado-de-ingrid-guimaraes-no-festival-de-gramado.ghtml,"[[""http://gshow.globo.com/tudo-mais/tv-e-famosos/noticia/jornal-nacional-e-fantastico-sao-indicados-ao-emmy-internacional-de-jornalismo-2023.ghtml"", 0.2925], [""http://gshow.globo.com/tudo-mais/tv-e-famosos/noticia/elenco-de-terra-e-paixao-curte-noite-de-samba-ao-lado-de-viviane-araujo.ghtml"", 0.1989], [""http://gshow.globo.com/tudo-mais/tv-e-famosos/noticia/cezar-black-troca-beijos-com-morena-em-festival-de-musica-em-sao-paulo.ghtml"", 0.197], [""http://gshow.globo.com/tudo-mais/tv-e-famosos/noticia/fas-lotam-rede-social-de-hugo-moura-apos-comentario-de-deborah-secco-o-brasil-ficou-curioso.ghtml"", 0.1868], [""http://gshow.globo.com/tudo-mais/tv-e-famosos/noticia/larissa-manoela-tem-dia-de-malhacao-com-o-noivo-andre-luiz-frambach.ghtml"", 0.1775], [""http://gshow.globo.com/tudo-mais/tv-e-famosos/noticia/publico-compara-filha-com-personagem-de-gabriela-duarte-em-foto-publicada-pela-atriz.ghtml"", 0.1572], [""http://gshow.globo.com/tudo-mais/tv-e-famosos/noticia/deborah-secco-revela-detalhe-da-anatomia-intima-de-hugo-moura-na-estreia-de-sobre-nos-dois.ghtml"", 0.1569], [""http://gshow.globo.com/novelas/amor-perfeito/vem-por-ai/noticia/amor-perfeito-orlando-descobre-pista-crucial-sobre-leonel-rubiao.ghtml"", 0.1453], [""http://gshow.globo.com/tudo-mais/tv-e-famosos/noticia/filho-de-murilo-benicio-e-alessandra-negrini-antonio-benicio-anima-seguidores-com-foto-sem-camisa.ghtml"", 0.1131], [""http://gshow.globo.com/tudo-mais/tv-e-famosos/noticia/mister-m-reencontra-cid-moreira-e-aparece-em-foto-ao-lado-do-apresentador.ghtml"", 0.1059]]"
http://gshow.globo.com/tudo-mais/viralizou/noticia/anitta-repreende-fa-que-estaria-cobrando-dinheiro-do-publico-na-hora-da-foto-veja-video.ghtml,"[[""http://gshow.globo.com/tudo-mais/tv-e-famosos/noticia/gil-do-vigor-tem-carro-enguicado-ao-fazer-confusao-na-hora-de-abastecer-veja-video.ghtml"", 0.3948], [""http://gshow.globo.com/tudo-mais/tv-e-famosos/noticia/lexa-pega-carona-no-jatinho-de-anitta.ghtml"", 0.2673], [""http://gshow.globo.com/tudo-mais/tv-e-famosos/noticia/fas-lotam-rede-social-de-hugo-moura-apos-comentario-de-deborah-secco-o-brasil-ficou-curioso.ghtml"", 0.2192], [""http://gshow.globo.com/tudo-mais/tv-e-famosos/noticia/maira-cardi-zilu-camargo-e-mais-veja-famosos-que-viraram-coach.ghtml"", 0.1964], [""http://gshow.globo.com/tudo-mais/viralizou/noticia/larissa-manoela-ganhou-mais-de-2-milhoes-de-seguidores-apos-entrevista-sobre-o-rompimento-com-os-pais.ghtml"", 0.1872], [""http://gshow.globo.com/tudo-mais/viralizou/noticia/post-de-anuncio-de-neymar-no-ah-hilal-ultrapassa-as-2-milhoes-de-curtidas-em-1-hora.ghtml"", 0.1829], [""http://gshow.globo.com/moda-e-beleza/noticia/isis-valverde-brilha-com-calca-de-r10-mil-em-premiere-de-angela-veja-detalhes-do-look.ghtml"", 0.1779], [""http://gshow.globo.com/tudo-mais/tv-e-famosos/noticia/de-kim-kardashian-a-paris-hilton-veja-famosos-que-tiveram-filhos-por-meio-de-barriga-de-aluguel.ghtml"", 0.1714], [""http://gshow.globo.com/tudo-mais/tv-e-famosos/noticia/cezar-black-troca-beijos-com-morena-em-festival-de-musica-em-sao-paulo.ghtml"", 0.1708], [""http://gshow.globo.com/tudo-mais/tv-e-famosos/noticia/em-meio-a-polemica-de-pais-gananciosos-sandy-diz-que-xororo-sempre-a-incluiu-em-decisoes.ghtml"", 0.1692]]"
http://gshow.globo.com/novelas/fuzue/noticia/fuzue-memes-sobre-a-trama-ganham-redes-sociais-na-primeira-semana.ghtml,"[[""http://gshow.globo.com/tudo-mais/viralizou/noticia/post-de-anuncio-de-neymar-no-ah-hilal-ultrapassa-as-2-milhoes-de-curtidas-em-1-hora.ghtml"", 0.2969], [""http://gshow.globo.com/tudo-mais/viralizou/noticia/larissa-manoela-ganhou-mais-de-2-milhoes-de-seguidores-apos-entrevista-sobre-o-rompimento-com-os-pais.ghtml"", 0.2774], [""http://gshow.globo.com/novelas/fuzue/resumo/20230828-a-20230903-4027771c62194aa1bc631806fe20aeef.ghtml"", 0.2386], [""http://gshow.globo.com/moda-e-beleza/noticia/ronda-de-looks-veja-as-producoes-que-as-famosas-usaram-durante-os-eventos-da-semana.ghtml"", 0.2093], [""http://gshow.globo.com/tudo-mais/tv-e-famosos/noticia/fas-lotam-rede-social-de-hugo-moura-apos-comentario-de-deborah-secco-o-brasil-ficou-curioso.ghtml"", 0.1905], [""http://gshow.globo.com/tudo-mais/tv-e-famosos/noticia/veja-atores-que-sao-irmaos-na-vida-real-e-tambem-na-ficcao.ghtml"", 0.1857], [""http://gshow.globo.com/tudo-mais/pop/noticia/campo-nao-so-de-morangos-veja-artistas-que-como-luisa-sonza-usaram-frutas-em-seus-hits.ghtml"", 0.1716], [""http://gshow.globo.com/tudo-mais/tv-e-famosos/noticia/pipoca-da-ivete-volta-em-2a-temporada-com-novos-quadros-e-convidados.ghtml"", 0.1657], [""http://gshow.globo.com/tudo-mais/pop/noticia/globoplay-lanca-3a-colecao-de-nfts-do-xuxaverso-com-venda-de-10-figurinhas-ineditas.ghtml"", 0.1513], [""http://gshow.globo.com/realities/no-limite/2023/noticia/desespero-em-desempate-com-eliminacao-dupla-marcam-o-penultimo-episodio-do-no-limite-2023.ghtml"", 0.148]]"
http://gshow.globo.com/novelas/fuzue/vem-por-ai/noticia/fuzue-luna-salva-a-vida-do-filho-de-preciosa.ghtml,"[[""http://gshow.globo.com/novelas/fuzue/vem-por-ai/noticia/fuzue-luna-descobre-pista-importante-sobre-o-passado-de-sua-mae-em-paraty.ghtml"", 0.4719], [""http://gshow.globo.com/novelas/fuzue/vem-por-ai/noticia/fuzue-luna-e-surpreendida-por-preciosa-com-uma-faca-no-meio-da-mata.ghtml"", 0.4339], [""http://gshow.globo.com/novelas/fuzue/vem-por-ai/noticia/fuzue-preciosa-ameaca-com-faca-e-atacada-por-gansos-e-desmaia.ghtml"", 0.3749], [""http://gshow.globo.com/novelas/terra-e-paixao/vem-por-ai/noticia/terra-e-paixao-irene-da-tapa-na-cara-de-angelina-por-causa-de-agatha.ghtml"", 0.3427], [""http://gshow.globo.com/novelas/terra-e-paixao/vem-por-ai/noticia/terra-e-paixao-luigi-e-anely-sao-presos.ghtml"", 0.2788], [""http://gshow.globo.com/novelas/terra-e-paixao/vem-por-ai/noticia/terra-e-paixao-luigi-e-anely-encontram-tesouro-em-barras-de-ouro.ghtml"", 0.2731], [""http://gshow.globo.com/novelas/amor-perfeito/vem-por-ai/noticia/amor-perfeito-orlando-descobre-pista-crucial-sobre-leonel-rubiao.ghtml"", 0.2525], [""http://gshow.globo.com/novelas/terra-e-paixao/vem-por-ai/noticia/terra-e-paixao-agatha-revela-por-que-forjou-a-propria-morte.ghtml"", 0.2298], [""http://gshow.globo.com/novelas/amor-perfeito/vem-por-ai/noticia/amor-perfeito-jesus-resgata-frei-joao-da-morte-entenda-como-sera-a-cena.ghtml"", 0.2269], [""http://gshow.globo.com/novelas/terra-e-paixao/noticia/terra-e-paixao-debora-ozorio-detalha-estudo-sobre-abuso-sexual-para-viver-drama-de-petra.ghtml"", 0.1965]]"
http://gshow.globo.com/realities/no-limite/2023/noticia/paratleta-campeao-do-no-limite-2023-dede-revela-o-que-fara-com-o-premio-e-agradece-fernando-fernandes-idolo.ghtml,"[[""http://gshow.globo.com/realities/no-limite/2023/noticia/carol-nakamura-perde-semifinal-deixa-o-no-limite-amazonia-e-se-emociona-frustrante.ghtml"", 0.2568], [""http://gshow.globo.com/tudo-mais/tv-e-famosos/noticia/jojo-todynho-explica-decisao-de-fazer-bariatrica-e-diz-eu-nunca-romantizei-a-obesidade.ghtml"", 0.2102], [""http://gshow.globo.com/tudo-mais/tv-e-famosos/noticia/jornal-nacional-e-fantastico-sao-indicados-ao-emmy-internacional-de-jornalismo-2023.ghtml"", 0.2084], [""http://gshow.globo.com/tudo-mais/tv-e-famosos/noticia/maira-cardi-comenta-polemicas-e-desabafa-em-live.ghtml"", 0.1996], [""http://gshow.globo.com/tudo-mais/tv-e-famosos/noticia/luccas-neto-surpreende-fa-em-tratamento-contra-o-cancer-acredite-nos-seus-sonhos.ghtml"", 0.1873], [""http://gshow.globo.com/tudo-mais/tv-e-famosos/noticia/lea-garcia-estava-feliz-com-o-reconhecimento-e-falou-sobre-viver-por-mais-90-anos-em-ultima-entrevista.ghtml"", 0.174], [""http://gshow.globo.com/tudo-mais/tv-e-famosos/noticia/zagallo-segue-internado-em-hospital-da-barra.ghtml"", 0.1691], [""http://gshow.globo.com/tudo-mais/tv-e-famosos/noticia/mister-m-reencontra-cid-moreira-e-aparece-em-foto-ao-lado-do-apresentador.ghtml"", 0.1676], [""http://gshow.globo.com/realities/no-limite/2023/noticia/ultima-famosa-a-deixar-o-no-limite-carol-nakamura-conta-que-foi-julgada-tentaram-dizer-que-nao-preciso.ghtml"", 0.1671], [""http://gshow.globo.com/realities/no-limite/2023/noticia/pela-segunda-vez-no-limite-tem-campeao-que-veio-da-repescagem-relembre.ghtml"", 0.156]]"
http://gshow.globo.com/novelas/mundo-de-novela/noticia/relembre-a-carreira-de-larissa-manoela.ghtml,"[[""http://gshow.globo.com/tudo-mais/tv-e-famosos/noticia/mae-de-larissa-manoela-silvana-taques-diz-em-entrevista-nunca-quisemos-ficar-com-nada-dela.ghtml"", 0.2387], [""http://gshow.globo.com/tudo-mais/viralizou/noticia/larissa-manoela-ganhou-mais-de-2-milhoes-de-seguidores-apos-entrevista-sobre-o-rompimento-com-os-pais.ghtml"", 0.1787], [""http://gshow.globo.com/tudo-mais/tv-e-famosos/noticia/larissa-manoela-tem-dia-de-malhacao-com-o-noivo-andre-luiz-frambach.ghtml"", 0.1758], [""http://gshow.globo.com/ep/loreal-paris/noticia/em-nova-fase-carla-diaz-mantem-rotina-de-cuidados.ghtml"", 0.1545], [""http://gshow.globo.com/tudo-mais/tv-e-famosos/noticia/veja-atores-que-sao-irmaos-na-vida-real-e-tambem-na-ficcao.ghtml"", 0.14], [""http://gshow.globo.com/novelas/terra-e-paixao/resumo/20230828-a-20230903-12ed7334d52a4a768c78c458465631ab.ghtml"", 0.1389], [""http://gshow.globo.com/tudo-mais/tv-e-famosos/noticia/mae-de-larissa-manoela-silvana-fala-sobre-o-rompimento-com-a-filha.ghtml"", 0.1355], [""http://gshow.globo.com/novelas/terra-e-paixao/noticia/terra-e-paixao-debora-ozorio-detalha-estudo-sobre-abuso-sexual-para-viver-drama-de-petra.ghtml"", 0.1316], [""http://gshow.globo.com/tudo-mais/tv-e-famosos/noticia/mae-de-larissa-manoela-da-sua-versao-da-disputa-com-a-filha-em-nova-entrevista.ghtml"", 0.1121], [""http://gshow.globo.com/tudo-mais/tv-e-famosos/noticia/conheca-carioca-de-21-anos-que-se-tornou-a-primeira-estudante-estrangeira-na-forca-aerea-dos-eua.ghtml"", 0.1086]]"
http://gshow.globo.com/novelas/amor-perfeito/vem-por-ai/noticia/amor-perfeito-julio-encontra-personagem-que-sera-peca-chave-em-virada-da-novela.ghtml,"[[""http://gshow.globo.com/novelas/amor-perfeito/noticia/orlando-almeida-comenta-casamento-de-orlando-e-gilda-em-amor-perfeito-e-derrocada-da-vila-esta-roda-vai-girar.ghtml"", 0.3422], [""http://gshow.globo.com/novelas/amor-perfeito/vem-por-ai/noticia/amor-perfeito-orlando-descobre-pista-crucial-sobre-leonel-rubiao.ghtml"", 0.2508], [""http://gshow.globo.com/novelas/amor-perfeito/vem-por-ai/noticia/amor-perfeito-jesus-resgata-frei-joao-da-morte-entenda-como-sera-a-cena.ghtml"", 0.2489], [""http://gshow.globo.com/tudo-mais/tv-e-famosos/noticia/veja-atores-que-sao-irmaos-na-vida-real-e-tambem-na-ficcao.ghtml"", 0.237], [""http://gshow.globo.com/tudo-mais/tv-e-famosos/noticia/publico-compara-filha-com-personagem-de-gabriela-duarte-em-foto-publicada-pela-atriz.ghtml"", 0.1863], [""http://gshow.globo.com/novelas/terra-e-paixao/noticia/irene-vibra-com-noticia-morte-de-agatha-em-terra-e-paixao.ghtml"", 0.1672], [""http://gshow.globo.com/novelas/terra-e-paixao/noticia/terra-e-paixao-debora-ozorio-detalha-estudo-sobre-abuso-sexual-para-viver-drama-de-petra.ghtml"", 0.1605], [""http://gshow.globo.com/novelas/mundo-de-novela/noticia/forca-de-um-desejo-figurino-inspirado-em-imperatriz-e-personagem-revisitada-confira-outras-curiosidades.ghtml"", 0.1584], [""http://gshow.globo.com/novelas/terra-e-paixao/vem-por-ai/noticia/terra-e-paixao-irene-da-tapa-na-cara-de-angelina-por-causa-de-agatha.ghtml"", 0.1537], [""http://gshow.globo.com/tudo-mais/tv-e-famosos/noticia/deborah-secco-revela-detalhe-da-anatomia-intima-de-hugo-moura-na-estreia-de-sobre-nos-dois.ghtml"", 0.1527]]"
http://gshow.globo.com/tudo-mais/pop/noticia/globoplay-lanca-3a-colecao-de-nfts-do-xuxaverso-com-venda-de-10-figurinhas-ineditas.ghtml,"[[""http://gshow.globo.com/tudo-mais/tv-e-famosos/noticia/pipoca-da-ivete-volta-em-2a-temporada-com-novos-quadros-e-convidados.ghtml"", 0.4136], [""http://gshow.globo.com/novelas/terra-e-paixao/vem-por-ai/noticia/terra-e-paixao-luigi-e-anely-encontram-tesouro-em-barras-de-ouro.ghtml"", 0.1975], [""http://gshow.globo.com/novelas/fuzue/noticia/fuzue-memes-sobre-a-trama-ganham-redes-sociais-na-primeira-semana.ghtml"", 0.1513], [""http://gshow.globo.com/tudo-mais/tv-e-famosos/noticia/leo-santana-usa-jaqueta-grifada-de-mais-de-r-27-mil-para-show-em-portugal.ghtml"", 0.1238], [""http://gshow.globo.com/novelas/mundo-de-novela/noticia/forca-de-um-desejo-figurino-inspirado-em-imperatriz-e-personagem-revisitada-confira-outras-curiosidades.ghtml"", 0.1234], [""http://gshow.globo.com/novelas/terra-e-paixao/vem-por-ai/noticia/terra-e-paixao-luigi-e-anely-sao-presos.ghtml"", 0.1218], [""http://gshow.globo.com/tudo-mais/viralizou/noticia/post-de-anuncio-de-neymar-no-ah-hilal-ultrapassa-as-2-milhoes-de-curtidas-em-1-hora.ghtml"", 0.1194], [""http://gshow.globo.com/tudo-mais/pop/noticia/campo-nao-so-de-morangos-veja-artistas-que-como-luisa-sonza-usaram-frutas-em-seus-hits.ghtml"", 0.1122], [""http://gshow.globo.com/tudo-mais/pop/noticia/dublador-de-mario-se-aposenta-de-personagem-apos-mais-de-30-anos.ghtml"", 0.112], [""http://gshow.globo.com/tudo-mais/tv-e-famosos/noticia/mileide-mihaile-mostra-look-para-show-de-beyonce-em-miami-e-realiza-sonho-como-fa.ghtml"", 0.1005]]"
http://gshow.globo.com/tudo-mais/tv-e-famosos/noticia/filho-de-neymar-davi-lucca-impressiona-com-ingles-fluente-durante-entrevista.ghtml,"[[""http://gshow.globo.com/tudo-mais/tv-e-famosos/noticia/bruna-biancardi-deseja-sorte-a-neymar-em-apresentacao-do-jogador-no-al-hilal.ghtml"", 0.3014], [""http://gshow.globo.com/tudo-mais/tv-e-famosos/noticia/familia-de-neymar-celebra-anuncio-do-jogador-no-al-hilal-estamos-juntos.ghtml"", 0.2901], [""http://gshow.globo.com/tudo-mais/tv-e-famosos/noticia/pedro-novaes-filho-de-marcelo-novaes-impressiona-com-bracos-a-mostra-em-look.ghtml"", 0.2524], [""http://gshow.globo.com/tudo-mais/tv-e-famosos/noticia/filho-de-murilo-benicio-e-alessandra-negrini-antonio-benicio-anima-seguidores-com-foto-sem-camisa.ghtml"", 0.2222], [""http://gshow.globo.com/tudo-mais/viralizou/noticia/post-de-anuncio-de-neymar-no-ah-hilal-ultrapassa-as-2-milhoes-de-curtidas-em-1-hora.ghtml"", 0.213], [""http://gshow.globo.com/tudo-mais/tv-e-famosos/noticia/nasce-filha-de-bruno-do-klb-em-sao-paulo.ghtml"", 0.1988], [""http://gshow.globo.com/tudo-mais/tv-e-famosos/noticia/karoline-lima-mostra-filha-com-eder-militao-falando-papai-no-dia-em-que-jogador-passa-por-cirurgia-no-joelho.ghtml"", 0.1692], [""http://gshow.globo.com/tudo-mais/tv-e-famosos/noticia/segundo-filho-de-rihanna-e-aap-rocky-nasceu-no-inicio-do-mes-revela-site.ghtml"", 0.1661], [""http://gshow.globo.com/tudo-mais/tv-e-famosos/noticia/larissa-manoela-tem-dia-de-malhacao-com-o-noivo-andre-luiz-frambach.ghtml"", 0.1545], [""http://gshow.globo.com/tudo-mais/tv-e-famosos/noticia/maira-cardi-comenta-polemicas-e-desabafa-em-live.ghtml"", 0.1381]]"
http://gshow.globo.com/tudo-mais/tv-e-famosos/noticia/helena-ranaldi-longe-das-novelas-ha-9-anos-se-dedica-ao-teatro-e-nega-que-esteja-vivendo-em-sitio.ghtml,"[[""http://gshow.globo.com/tudo-mais/tv-e-famosos/noticia/mae-de-larissa-manoela-silvana-taques-diz-em-entrevista-nunca-quisemos-ficar-com-nada-dela.ghtml"", 0.1677], [""http://gshow.globo.com/tudo-mais/tv-e-famosos/noticia/zagallo-segue-internado-em-hospital-da-barra.ghtml"", 0.1528], [""http://gshow.globo.com/tudo-mais/tv-e-famosos/noticia/filho-de-murilo-benicio-e-alessandra-negrini-antonio-benicio-anima-seguidores-com-foto-sem-camisa.ghtml"", 0.1504], [""http://gshow.globo.com/tudo-mais/tv-e-famosos/noticia/hariany-confirma-romance-com-filho-de-leonardo-estamos-ficando-nos-curtindo-esta-leve.ghtml"", 0.131], [""http://gshow.globo.com/tudo-mais/tv-e-famosos/noticia/em-meio-a-polemica-de-pais-gananciosos-sandy-diz-que-xororo-sempre-a-incluiu-em-decisoes.ghtml"", 0.1241], [""http://gshow.globo.com/tudo-mais/tv-e-famosos/noticia/lea-garcia-estava-feliz-com-o-reconhecimento-e-falou-sobre-viver-por-mais-90-anos-em-ultima-entrevista.ghtml"", 0.1142], [""http://gshow.globo.com/tudo-mais/tv-e-famosos/noticia/ze-vaqueiro-confirma-retorno-aos-palcos-e-pede-oracoes-para-o-filho-internado.ghtml"", 0.1131], [""http://gshow.globo.com/tudo-mais/tv-e-famosos/noticia/conheca-carioca-de-21-anos-que-se-tornou-a-primeira-estudante-estrangeira-na-forca-aerea-dos-eua.ghtml"", 0.1099], [""http://gshow.globo.com/tudo-mais/tv-e-famosos/noticia/preta-gil-ja-esta-em-pe-fazendo-fisioterapia-diz-gominho.ghtml"", 0.1082], [""http://gshow.globo.com/tudo-mais/tv-e-famosos/noticia/preta-gil-passa-bem-apos-cirurgia-para-retirada-do-cancer-no-intestino.ghtml"", 0.1051]]"
http://gshow.globo.com/novelas/terra-e-paixao/vem-por-ai/noticia/terra-e-paixao-agatha-revela-por-que-forjou-a-propria-morte.ghtml,"[[""http://gshow.globo.com/novelas/terra-e-paixao/vem-por-ai/noticia/terra-e-paixao-irene-da-tapa-na-cara-de-angelina-por-causa-de-agatha.ghtml"", 0.4849], [""http://gshow.globo.com/novelas/terra-e-paixao/vem-por-ai/noticia/terra-e-paixao-agatha-corre-risco-de-morte-em-vinganca-de-irene-veja-fotos-exclusivas.ghtml"", 0.416], [""http://gshow.globo.com/novelas/terra-e-paixao/noticia/irene-vibra-com-noticia-morte-de-agatha-em-terra-e-paixao.ghtml"", 0.4111], [""http://gshow.globo.com/novelas/terra-e-paixao/noticia/terra-e-paixao-debora-ozorio-detalha-estudo-sobre-abuso-sexual-para-viver-drama-de-petra.ghtml"", 0.3871], [""http://gshow.globo.com/novelas/fuzue/vem-por-ai/noticia/fuzue-luna-descobre-pista-importante-sobre-o-passado-de-sua-mae-em-paraty.ghtml"", 0.3104], [""http://gshow.globo.com/novelas/terra-e-paixao/vem-por-ai/noticia/terra-e-paixao-luigi-e-anely-sao-presos.ghtml"", 0.3018], [""http://gshow.globo.com/novelas/amor-perfeito/vem-por-ai/noticia/amor-perfeito-jesus-resgata-frei-joao-da-morte-entenda-como-sera-a-cena.ghtml"", 0.2745], [""http://gshow.globo.com/novelas/terra-e-paixao/vem-por-ai/noticia/terra-e-paixao-luigi-e-anely-encontram-tesouro-em-barras-de-ouro.ghtml"", 0.2497], [""http://gshow.globo.com/novelas/fuzue/vem-por-ai/noticia/fuzue-luna-salva-a-vida-do-filho-de-preciosa.ghtml"", 0.2298], [""http://gshow.globo.com/novelas/amor-perfeito/vem-por-ai/noticia/amor-perfeito-orlando-descobre-pista-crucial-sobre-leonel-rubiao.ghtml"", 0.2191]]"
http://gshow.globo.com/tudo-mais/tv-e-famosos/noticia/luccas-neto-surpreende-fa-em-tratamento-contra-o-cancer-acredite-nos-seus-sonhos.ghtml,"[[""http://gshow.globo.com/tudo-mais/tv-e-famosos/noticia/jojo-todynho-explica-decisao-de-fazer-bariatrica-e-diz-eu-nunca-romantizei-a-obesidade.ghtml"", 0.2579], [""http://gshow.globo.com/tudo-mais/tv-e-famosos/noticia/preta-gil-passa-bem-apos-cirurgia-para-retirada-do-cancer-no-intestino.ghtml"", 0.2184], [""http://gshow.globo.com/tudo-mais/tv-e-famosos/noticia/preta-gil-se-recupera-bem-de-cirurgia-de-retirada-de-cancer-no-intestino-diz-equipe-medica-acordada-em-bom-estado-geral.ghtml"", 0.2166], [""http://gshow.globo.com/tudo-mais/tv-e-famosos/noticia/ze-vaqueiro-confirma-retorno-aos-palcos-e-pede-oracoes-para-o-filho-internado.ghtml"", 0.2144], [""http://gshow.globo.com/realities/no-limite/2023/noticia/paratleta-campeao-do-no-limite-2023-dede-revela-o-que-fara-com-o-premio-e-agradece-fernando-fernandes-idolo.ghtml"", 0.1873], [""http://gshow.globo.com/tudo-mais/tv-e-famosos/noticia/sobrinha-de-preta-gil-flor-gil-posta-declaracao-apos-cirurgia-da-cantora-sua-forca-me-inspira.ghtml"", 0.1565], [""http://gshow.globo.com/tudo-mais/tv-e-famosos/noticia/zagallo-segue-internado-em-hospital-da-barra.ghtml"", 0.1197], [""http://gshow.globo.com/tudo-mais/tv-e-famosos/noticia/hariany-confirma-romance-com-filho-de-leonardo-estamos-ficando-nos-curtindo-esta-leve.ghtml"", 0.1078], [""http://gshow.globo.com/tudo-mais/tv-e-famosos/noticia/sheron-menezzes-enaltece-relacionamento-de-12-anos-com-marido-ele-me-completa.ghtml"", 0.1035], [""http://gshow.globo.com/tudo-mais/tv-e-famosos/noticia/alice-wegmann-fala-sobre-abuso-sofrido-as-feridas-tao-muito-abertas-ainda.ghtml"", 0.0985]]"
http://gshow.globo.com/tudo-mais/tv-e-famosos/noticia/dia-dos-solteiros-veja-17-famosos-cobicados-que-nao-namoram.ghtml,"[[""http://gshow.globo.com/moda-e-beleza/noticia/ronda-de-looks-veja-as-producoes-que-as-famosas-usaram-durante-os-eventos-da-semana.ghtml"", 0.4046], [""http://gshow.globo.com/tudo-mais/tv-e-famosos/noticia/maira-cardi-zilu-camargo-e-mais-veja-famosos-que-viraram-coach.ghtml"", 0.3904], [""http://gshow.globo.com/tudo-mais/tv-e-famosos/noticia/de-kim-kardashian-a-paris-hilton-veja-famosos-que-tiveram-filhos-por-meio-de-barriga-de-aluguel.ghtml"", 0.2992], [""http://gshow.globo.com/tudo-mais/tv-e-famosos/noticia/veja-atores-que-sao-irmaos-na-vida-real-e-tambem-na-ficcao.ghtml"", 0.2981], [""http://gshow.globo.com/tudo-mais/pop/noticia/campo-nao-so-de-morangos-veja-artistas-que-como-luisa-sonza-usaram-frutas-em-seus-hits.ghtml"", 0.2977], [""http://gshow.globo.com/moda-e-beleza/noticia/lingerie-no-dia-a-dia-aprenda-a-montar-cinco-looks-com-pecas-do-seu-guarda-roupa-intimo.ghtml"", 0.2798], [""http://gshow.globo.com/novelas/terra-e-paixao/noticia/gshow-em-terra-e-paixao-graca-e-jonatas-serao-flagrados-se-pegando.ghtml"", 0.1966], [""http://gshow.globo.com/tudo-mais/tv-e-famosos/noticia/em-meio-a-polemica-de-pais-gananciosos-sandy-diz-que-xororo-sempre-a-incluiu-em-decisoes.ghtml"", 0.1947], [""http://gshow.globo.com/tudo-mais/viralizou/noticia/larissa-manoela-ganhou-mais-de-2-milhoes-de-seguidores-apos-entrevista-sobre-o-rompimento-com-os-pais.ghtml"", 0.1902], [""http://gshow.globo.com/tudo-mais/tv-e-famosos/noticia/maira-cardi-rebate-critica-de-daniel-cady.ghtml"", 0.1799]]"
http://gshow.globo.com/tudo-mais/tv-e-famosos/noticia/maira-cardi-comenta-polemicas-e-desabafa-em-live.ghtml,"[[""http://gshow.globo.com/tudo-mais/tv-e-famosos/noticia/maira-cardi-mostra-novos-prints-sobre-treta-com-mulher-de-thiago-silva.ghtml"", 0.3203], [""http://gshow.globo.com/realities/no-limite/2023/noticia/carol-nakamura-perde-semifinal-deixa-o-no-limite-amazonia-e-se-emociona-frustrante.ghtml"", 0.2417], [""http://gshow.globo.com/realities/no-limite/2023/noticia/paratleta-campeao-do-no-limite-2023-dede-revela-o-que-fara-com-o-premio-e-agradece-fernando-fernandes-idolo.ghtml"", 0.1996], [""http://gshow.globo.com/tudo-mais/tv-e-famosos/noticia/bruna-biancardi-deseja-sorte-a-neymar-em-apresentacao-do-jogador-no-al-hilal.ghtml"", 0.1697], [""http://gshow.globo.com/realities/no-limite/2023/noticia/unica-famosa-na-semifinal-carol-nakamura-chama-a-atencao-de-internautas-em-prova.ghtml"", 0.1523], [""http://gshow.globo.com/tudo-mais/tv-e-famosos/noticia/mister-m-reencontra-cid-moreira-e-aparece-em-foto-ao-lado-do-apresentador.ghtml"", 0.1439], [""http://gshow.globo.com/realities/no-limite/2023/noticia/pela-segunda-vez-no-limite-tem-campeao-que-veio-da-repescagem-relembre.ghtml"", 0.1432], [""http://gshow.globo.com/tudo-mais/tv-e-famosos/noticia/felipe-neto-sai-em-defesa-de-luisa-sonza-apos-criticas-sobre-nova-musica.ghtml"", 0.1396], [""http://gshow.globo.com/tudo-mais/tv-e-famosos/noticia/filho-de-neymar-davi-lucca-impressiona-com-ingles-fluente-durante-entrevista.ghtml"", 0.1381], [""http://gshow.globo.com/tudo-mais/viralizou/noticia/influenciadora-se-defender-apos-ser-vista-com-sete-segurancas-fora-de-contexto.ghtml"", 0.1286]]"
http://gshow.globo.com/tudo-mais/tv-e-famosos/noticia/pedro-novaes-filho-de-marcelo-novaes-impressiona-com-bracos-a-mostra-em-look.ghtml,"[[""http://gshow.globo.com/tudo-mais/tv-e-famosos/noticia/filho-de-murilo-benicio-e-alessandra-negrini-antonio-benicio-anima-seguidores-com-foto-sem-camisa.ghtml"", 0.3751], [""http://gshow.globo.com/tudo-mais/tv-e-famosos/noticia/filho-de-neymar-davi-lucca-impressiona-com-ingles-fluente-durante-entrevista.ghtml"", 0.2524], [""http://gshow.globo.com/tudo-mais/tv-e-famosos/noticia/claudia-ohana-faz-book-com-roupa-estilosa-e-seguidores-elogiam-deusa-suprema.ghtml"", 0.2263], [""http://gshow.globo.com/moda-e-beleza/noticia/isis-valverde-brilha-com-calca-de-r10-mil-em-premiere-de-angela-veja-detalhes-do-look.ghtml"", 0.1755], [""http://gshow.globo.com/tudo-mais/tv-e-famosos/noticia/de-kim-kardashian-a-paris-hilton-veja-famosos-que-tiveram-filhos-por-meio-de-barriga-de-aluguel.ghtml"", 0.1747], [""http://gshow.globo.com/moda-e-beleza/noticia/ronda-de-looks-veja-as-producoes-que-as-famosas-usaram-durante-os-eventos-da-semana.ghtml"", 0.1618], [""http://gshow.globo.com/tudo-mais/tv-e-famosos/noticia/mae-de-larissa-manoela-silvana-taques-diz-em-entrevista-nunca-quisemos-ficar-com-nada-dela.ghtml"", 0.1612], [""http://gshow.globo.com/tudo-mais/tv-e-famosos/noticia/larissa-manoela-tem-dia-de-malhacao-com-o-noivo-andre-luiz-frambach.ghtml"", 0.1561], [""http://gshow.globo.com/tudo-mais/tv-e-famosos/noticia/karoline-lima-mostra-filha-com-eder-militao-falando-papai-no-dia-em-que-jogador-passa-por-cirurgia-no-joelho.ghtml"", 0.1481], [""http://gshow.globo.com/moda-e-beleza/noticia/lingerie-no-dia-a-dia-aprenda-a-montar-cinco-looks-com-pecas-do-seu-guarda-roupa-intimo.ghtml"", 0.1447]]"
http://gshow.globo.com/tudo-mais/tv-e-famosos/noticia/elenco-de-terra-e-paixao-curte-noite-de-samba-ao-lado-de-viviane-araujo.ghtml,"[[""http://gshow.globo.com/tudo-mais/tv-e-famosos/noticia/cezar-black-troca-beijos-com-morena-em-festival-de-musica-em-sao-paulo.ghtml"", 0.2522], [""http://gshow.globo.com/tudo-mais/pop/noticia/laura-cardoso-recebe-abraco-apertado-de-ingrid-guimaraes-no-festival-de-gramado.ghtml"", 0.1989], [""http://gshow.globo.com/tudo-mais/tv-e-famosos/noticia/sabrina-sato-e-marcelo-adnet-participam-do-lancamento-de-sobre-nos-dois.ghtml"", 0.1793], [""http://gshow.globo.com/moda-e-beleza/noticia/isis-valverde-brilha-com-calca-de-r10-mil-em-premiere-de-angela-veja-detalhes-do-look.ghtml"", 0.1603], [""http://gshow.globo.com/tudo-mais/tv-e-famosos/noticia/lexa-pega-carona-no-jatinho-de-anitta.ghtml"", 0.1581], [""http://gshow.globo.com/novelas/terra-e-paixao/noticia/gshow-em-terra-e-paixao-graca-e-jonatas-serao-flagrados-se-pegando.ghtml"", 0.1555], [""http://gshow.globo.com/novelas/terra-e-paixao/noticia/irene-vibra-com-noticia-morte-de-agatha-em-terra-e-paixao.ghtml"", 0.1534], [""http://gshow.globo.com/novelas/amor-perfeito/noticia/orlando-almeida-comenta-casamento-de-orlando-e-gilda-em-amor-perfeito-e-derrocada-da-vila-esta-roda-vai-girar.ghtml"", 0.1262], [""http://gshow.globo.com/novelas/terra-e-paixao/resumo/20230828-a-20230903-12ed7334d52a4a768c78c458465631ab.ghtml"", 0.1251], [""http://gshow.globo.com/realities/no-limite/2023/noticia/apos-no-limite-paulinho-vilhena-revela-vontade-de-retomar-seriado-de-sandy-e-junior-a-gente-ja-escreveu-algumas-coisas.ghtml"", 0.1224]]"
http://gshow.globo.com/tudo-mais/tv-e-famosos/noticia/anitta-comenta-affair-com-simone-susinna-pra-sempre-e-muito-forte.ghtml,"[[""http://gshow.globo.com/novelas/amor-perfeito/vem-por-ai/noticia/amor-perfeito-orlando-descobre-pista-crucial-sobre-leonel-rubiao.ghtml"", 0.214], [""http://gshow.globo.com/tudo-mais/tv-e-famosos/noticia/hariany-confirma-romance-com-filho-de-leonardo-estamos-ficando-nos-curtindo-esta-leve.ghtml"", 0.2137], [""http://gshow.globo.com/realities/no-limite/2023/noticia/carol-nakamura-perde-semifinal-deixa-o-no-limite-amazonia-e-se-emociona-frustrante.ghtml"", 0.2123], [""http://gshow.globo.com/realities/no-limite/2023/noticia/ultima-famosa-a-deixar-o-no-limite-carol-nakamura-conta-que-foi-julgada-tentaram-dizer-que-nao-preciso.ghtml"", 0.2004], [""http://gshow.globo.com/tudo-mais/pop/noticia/matheus-nachtergaele-sobre-o-auto-da-compadecida-2-nao-sei-o-tamanho-da-emocao-que-estou-sentindo.ghtml"", 0.1998], [""http://gshow.globo.com/novelas/amor-perfeito/noticia/orlando-almeida-comenta-casamento-de-orlando-e-gilda-em-amor-perfeito-e-derrocada-da-vila-esta-roda-vai-girar.ghtml"", 0.1949], [""http://gshow.globo.com/tudo-mais/tv-e-famosos/noticia/deborah-secco-revela-detalhe-da-anatomia-intima-de-hugo-moura-na-estreia-de-sobre-nos-dois.ghtml"", 0.1869], [""http://gshow.globo.com/tudo-mais/tv-e-famosos/noticia/felipe-neto-sai-em-defesa-de-luisa-sonza-apos-criticas-sobre-nova-musica.ghtml"", 0.1853], [""http://gshow.globo.com/tudo-mais/tv-e-famosos/noticia/alice-wegmann-fala-sobre-abuso-sofrido-as-feridas-tao-muito-abertas-ainda.ghtml"", 0.1645], [""http://gshow.globo.com/tudo-mais/tv-e-famosos/noticia/sabrina-sato-e-marcelo-adnet-participam-do-lancamento-de-sobre-nos-dois.ghtml"", 0.1556]]"
http://gshow.globo.com/realities/no-limite/2023/noticia/carol-nakamura-perde-semifinal-deixa-o-no-limite-amazonia-e-se-emociona-frustrante.ghtml,"[[""http://gshow.globo.com/realities/no-limite/2023/noticia/ultima-famosa-a-deixar-o-no-limite-carol-nakamura-conta-que-foi-julgada-tentaram-dizer-que-nao-preciso.ghtml"", 0.3787], [""http://gshow.globo.com/tudo-mais/pop/noticia/matheus-nachtergaele-sobre-o-auto-da-compadecida-2-nao-sei-o-tamanho-da-emocao-que-estou-sentindo.ghtml"", 0.3101], [""http://gshow.globo.com/realities/no-limite/2023/noticia/desespero-em-desempate-com-eliminacao-dupla-marcam-o-penultimo-episodio-do-no-limite-2023.ghtml"", 0.302], [""http://gshow.globo.com/realities/no-limite/2023/noticia/unica-famosa-na-semifinal-carol-nakamura-chama-a-atencao-de-internautas-em-prova.ghtml"", 0.2926], [""http://gshow.globo.com/realities/no-limite/2023/noticia/pela-segunda-vez-no-limite-tem-campeao-que-veio-da-repescagem-relembre.ghtml"", 0.2792], [""http://gshow.globo.com/realities/no-limite/2023/noticia/paratleta-campeao-do-no-limite-2023-dede-revela-o-que-fara-com-o-premio-e-agradece-fernando-fernandes-idolo.ghtml"", 0.2568], [""http://gshow.globo.com/tudo-mais/tv-e-famosos/noticia/maira-cardi-comenta-polemicas-e-desabafa-em-live.ghtml"", 0.2417], [""http://gshow.globo.com/tudo-mais/tv-e-famosos/noticia/anitta-comenta-affair-com-simone-susinna-pra-sempre-e-muito-forte.ghtml"", 0.2123], [""http://gshow.globo.com/realities/no-limite/2023/noticia/em-entrevista-exclusiva-eliminada-por-voto-aberto-fala-sobre-traicao-no-no-limite.ghtml"", 0.2033], [""http://gshow.globo.com/novelas/terra-e-paixao/noticia/terra-e-paixao-debora-ozorio-detalha-estudo-sobre-abuso-sexual-para-viver-drama-de-petra.ghtml"", 0.1828]]"
http://gshow.globo.com/tudo-mais/tv-e-famosos/noticia/mae-de-larissa-manoela-da-sua-versao-da-disputa-com-a-filha-em-nova-entrevista.ghtml,"[[""http://gshow.globo.com/tudo-mais/tv-e-famosos/noticia/mae-de-larissa-manoela-silvana-taques-diz-em-entrevista-nunca-quisemos-ficar-com-nada-dela.ghtml"", 0.3192], [""http://gshow.globo.com/realities/no-limite/2023/noticia/ultima-famosa-a-deixar-o-no-limite-carol-nakamura-conta-que-foi-julgada-tentaram-dizer-que-nao-preciso.ghtml"", 0.2431], [""http://gshow.globo.com/tudo-mais/tv-e-famosos/noticia/mae-de-larissa-manoela-silvana-fala-sobre-o-rompimento-com-a-filha.ghtml"", 0.2253], [""http://gshow.globo.com/tudo-mais/tv-e-famosos/noticia/lea-garcia-estava-feliz-com-o-reconhecimento-e-falou-sobre-viver-por-mais-90-anos-em-ultima-entrevista.ghtml"", 0.1655], [""http://gshow.globo.com/tudo-mais/tv-e-famosos/noticia/em-meio-a-polemica-de-pais-gananciosos-sandy-diz-que-xororo-sempre-a-incluiu-em-decisoes.ghtml"", 0.129], [""http://gshow.globo.com/tudo-mais/pop/noticia/matheus-nachtergaele-sobre-o-auto-da-compadecida-2-nao-sei-o-tamanho-da-emocao-que-estou-sentindo.ghtml"", 0.1196], [""http://gshow.globo.com/novelas/mundo-de-novela/noticia/relembre-a-carreira-de-larissa-manoela.ghtml"", 0.1121], [""http://gshow.globo.com/tudo-mais/tv-e-famosos/noticia/leo-santana-usa-jaqueta-grifada-de-mais-de-r-27-mil-para-show-em-portugal.ghtml"", 0.1013], [""http://gshow.globo.com/tudo-mais/tv-e-famosos/noticia/helena-ranaldi-longe-das-novelas-ha-9-anos-se-dedica-ao-teatro-e-nega-que-esteja-vivendo-em-sitio.ghtml"", 0.0974], [""http://gshow.globo.com/tudo-mais/tv-e-famosos/noticia/aline-wirley-faz-topless-no-quintal-de-casa.ghtml"", 0.0727]]"
http://gshow.globo.com/realities/no-limite/2023/noticia/ultima-famosa-a-deixar-o-no-limite-carol-nakamura-conta-que-foi-julgada-tentaram-dizer-que-nao-preciso.ghtml,"[[""http://gshow.globo.com/realities/no-limite/2023/noticia/carol-nakamura-perde-semifinal-deixa-o-no-limite-amazonia-e-se-emociona-frustrante.ghtml"", 0.3787], [""http://gshow.globo.com/tudo-mais/pop/noticia/matheus-nachtergaele-sobre-o-auto-da-compadecida-2-nao-sei-o-tamanho-da-emocao-que-estou-sentindo.ghtml"", 0.2745], [""http://gshow.globo.com/tudo-mais/tv-e-famosos/noticia/mae-de-larissa-manoela-da-sua-versao-da-disputa-com-a-filha-em-nova-entrevista.ghtml"", 0.2431], [""http://gshow.globo.com/tudo-mais/tv-e-famosos/noticia/mae-de-larissa-manoela-silvana-taques-diz-em-entrevista-nunca-quisemos-ficar-com-nada-dela.ghtml"", 0.2126], [""http://gshow.globo.com/tudo-mais/tv-e-famosos/noticia/maira-cardi-mostra-novos-prints-sobre-treta-com-mulher-de-thiago-silva.ghtml"", 0.2019], [""http://gshow.globo.com/tudo-mais/tv-e-famosos/noticia/anitta-comenta-affair-com-simone-susinna-pra-sempre-e-muito-forte.ghtml"", 0.2004], [""http://gshow.globo.com/realities/no-limite/2023/noticia/unica-famosa-na-semifinal-carol-nakamura-chama-a-atencao-de-internautas-em-prova.ghtml"", 0.1914], [""http://gshow.globo.com/realities/no-limite/2023/noticia/em-entrevista-exclusiva-eliminada-por-voto-aberto-fala-sobre-traicao-no-no-limite.ghtml"", 0.1779], [""http://gshow.globo.com/realities/no-limite/2023/noticia/paratleta-campeao-do-no-limite-2023-dede-revela-o-que-fara-com-o-premio-e-agradece-fernando-fernandes-idolo.ghtml"", 0.1671], [""http://gshow.globo.com/tudo-mais/tv-e-famosos/noticia/alice-wegmann-fala-sobre-abuso-sofrido-as-feridas-tao-muito-abertas-ainda.ghtml"", 0.1624]]"
http://gshow.globo.com/realities/no-limite/2023/noticia/unica-famosa-na-semifinal-carol-nakamura-chama-a-atencao-de-internautas-em-prova.ghtml,"[[""http://gshow.globo.com/realities/no-limite/2023/noticia/carol-nakamura-perde-semifinal-deixa-o-no-limite-amazonia-e-se-emociona-frustrante.ghtml"", 0.2926], [""http://gshow.globo.com/realities/no-limite/2023/noticia/ultima-famosa-a-deixar-o-no-limite-carol-nakamura-conta-que-foi-julgada-tentaram-dizer-que-nao-preciso.ghtml"", 0.1914], [""http://gshow.globo.com/tudo-mais/tv-e-famosos/noticia/mister-m-reencontra-cid-moreira-e-aparece-em-foto-ao-lado-do-apresentador.ghtml"", 0.1817], [""http://gshow.globo.com/realities/no-limite/2023/noticia/pela-segunda-vez-no-limite-tem-campeao-que-veio-da-repescagem-relembre.ghtml"", 0.1715], [""http://gshow.globo.com/tudo-mais/tv-e-famosos/noticia/publico-compara-filha-com-personagem-de-gabriela-duarte-em-foto-publicada-pela-atriz.ghtml"", 0.1649], [""http://gshow.globo.com/tudo-mais/tv-e-famosos/noticia/maira-cardi-comenta-polemicas-e-desabafa-em-live.ghtml"", 0.1523], [""http://gshow.globo.com/tudo-mais/viralizou/noticia/larissa-manoela-ganhou-mais-de-2-milhoes-de-seguidores-apos-entrevista-sobre-o-rompimento-com-os-pais.ghtml"", 0.1326], [""http://gshow.globo.com/tudo-mais/viralizou/noticia/influenciadora-se-defender-apos-ser-vista-com-sete-segurancas-fora-de-contexto.ghtml"", 0.1245], [""http://gshow.globo.com/tudo-mais/viralizou/noticia/anitta-repreende-fa-que-estaria-cobrando-dinheiro-do-publico-na-hora-da-foto-veja-video.ghtml"", 0.122], [""http://gshow.globo.com/tudo-mais/tv-e-famosos/noticia/claudia-ohana-faz-book-com-roupa-estilosa-e-seguidores-elogiam-deusa-suprema.ghtml"", 0.1184]]"
http://gshow.globo.com/tudo-mais/tv-e-famosos/noticia/gil-do-vigor-tem-carro-enguicado-ao-fazer-confusao-na-hora-de-abastecer-veja-video.ghtml,"[[""http://gshow.globo.com/tudo-mais/viralizou/noticia/anitta-repreende-fa-que-estaria-cobrando-dinheiro-do-publico-na-hora-da-foto-veja-video.ghtml"", 0.3948], [""http://gshow.globo.com/realities/no-limite/2023/noticia/pela-segunda-vez-no-limite-tem-campeao-que-veio-da-repescagem-relembre.ghtml"", 0.2364], [""http://gshow.globo.com/tudo-mais/tv-e-famosos/noticia/sobrevivente-de-tragedia-com-torcedores-do-corinthians-revela-tensao-em-onibus-gritaria-e-muita-poeira.ghtml"", 0.2237], [""http://gshow.globo.com/novelas/fuzue/vem-por-ai/noticia/fuzue-luna-e-surpreendida-por-preciosa-com-uma-faca-no-meio-da-mata.ghtml"", 0.195], [""http://gshow.globo.com/novelas/amor-perfeito/vem-por-ai/noticia/amor-perfeito-jesus-resgata-frei-joao-da-morte-entenda-como-sera-a-cena.ghtml"", 0.1672], [""http://gshow.globo.com/moda-e-beleza/noticia/lingerie-no-dia-a-dia-aprenda-a-montar-cinco-looks-com-pecas-do-seu-guarda-roupa-intimo.ghtml"", 0.1405], [""http://gshow.globo.com/tudo-mais/tv-e-famosos/noticia/belle-silva-se-pronuncia-sobre-rumores-de-thiago-participar-em-programa-de-emagrecimento.ghtml"", 0.1341], [""http://gshow.globo.com/novelas/fuzue/noticia/fuzue-memes-sobre-a-trama-ganham-redes-sociais-na-primeira-semana.ghtml"", 0.1267], [""http://gshow.globo.com/novelas/mundo-de-novela/noticia/forca-de-um-desejo-figurino-inspirado-em-imperatriz-e-personagem-revisitada-confira-outras-curiosidades.ghtml"", 0.1213], [""http://gshow.globo.com/moda-e-beleza/noticia/ronda-de-looks-veja-as-producoes-que-as-famosas-usaram-durante-os-eventos-da-semana.ghtml"", 0.118]]"
http://gshow.globo.com/tudo-mais/tv-e-famosos/noticia/sabrina-sato-e-marcelo-adnet-participam-do-lancamento-de-sobre-nos-dois.ghtml,"[[""http://gshow.globo.com/tudo-mais/tv-e-famosos/noticia/deborah-secco-revela-detalhe-da-anatomia-intima-de-hugo-moura-na-estreia-de-sobre-nos-dois.ghtml"", 0.4335], [""http://gshow.globo.com/realities/no-limite/2023/noticia/apos-no-limite-paulinho-vilhena-revela-vontade-de-retomar-seriado-de-sandy-e-junior-a-gente-ja-escreveu-algumas-coisas.ghtml"", 0.3868], [""http://gshow.globo.com/tudo-mais/tv-e-famosos/noticia/fas-lotam-rede-social-de-hugo-moura-apos-comentario-de-deborah-secco-o-brasil-ficou-curioso.ghtml"", 0.2596], [""http://gshow.globo.com/tudo-mais/tv-e-famosos/noticia/deborah-secco-se-diverte-com-revelacao-intima-sobre-hugo-moura-exposto-em-rede-nacional.ghtml"", 0.2396], [""http://gshow.globo.com/novelas/terra-e-paixao/noticia/gshow-em-terra-e-paixao-graca-e-jonatas-serao-flagrados-se-pegando.ghtml"", 0.1936], [""http://gshow.globo.com/tudo-mais/tv-e-famosos/noticia/filho-de-murilo-benicio-e-alessandra-negrini-antonio-benicio-anima-seguidores-com-foto-sem-camisa.ghtml"", 0.1885], [""http://gshow.globo.com/tudo-mais/tv-e-famosos/noticia/mae-de-larissa-manoela-silvana-taques-diz-em-entrevista-nunca-quisemos-ficar-com-nada-dela.ghtml"", 0.1833], [""http://gshow.globo.com/tudo-mais/tv-e-famosos/noticia/elenco-de-terra-e-paixao-curte-noite-de-samba-ao-lado-de-viviane-araujo.ghtml"", 0.1793], [""http://gshow.globo.com/tudo-mais/tv-e-famosos/noticia/anitta-comenta-affair-com-simone-susinna-pra-sempre-e-muito-forte.ghtml"", 0.1556], [""http://gshow.globo.com/tudo-mais/tv-e-famosos/noticia/jornal-nacional-e-fantastico-sao-indicados-ao-emmy-internacional-de-jornalismo-2023.ghtml"", 0.1449]]"
http://gshow.globo.com/tudo-mais/tv-e-famosos/noticia/pipoca-da-ivete-volta-em-2a-temporada-com-novos-quadros-e-convidados.ghtml,"[[""http://gshow.globo.com/tudo-mais/pop/noticia/globoplay-lanca-3a-colecao-de-nfts-do-xuxaverso-com-venda-de-10-figurinhas-ineditas.ghtml"", 0.4136], [""http://gshow.globo.com/ep/loreal-paris/noticia/em-nova-fase-carla-diaz-mantem-rotina-de-cuidados.ghtml"", 0.231], [""http://gshow.globo.com/tudo-mais/tv-e-famosos/noticia/mister-m-reencontra-cid-moreira-e-aparece-em-foto-ao-lado-do-apresentador.ghtml"", 0.1678], [""http://gshow.globo.com/novelas/fuzue/noticia/fuzue-memes-sobre-a-trama-ganham-redes-sociais-na-primeira-semana.ghtml"", 0.1657], [""http://gshow.globo.com/realities/no-limite/2023/noticia/pela-segunda-vez-no-limite-tem-campeao-que-veio-da-repescagem-relembre.ghtml"", 0.1424], [""http://gshow.globo.com/realities/no-limite/2023/noticia/desespero-em-desempate-com-eliminacao-dupla-marcam-o-penultimo-episodio-do-no-limite-2023.ghtml"", 0.1302], [""http://gshow.globo.com/tudo-mais/tv-e-famosos/noticia/jornal-nacional-e-fantastico-sao-indicados-ao-emmy-internacional-de-jornalismo-2023.ghtml"", 0.1252], [""http://gshow.globo.com/tudo-mais/tv-e-famosos/noticia/felipe-neto-sai-em-defesa-de-luisa-sonza-apos-criticas-sobre-nova-musica.ghtml"", 0.1213], [""http://gshow.globo.com/tudo-mais/tv-e-famosos/noticia/lea-garcia-estava-feliz-com-o-reconhecimento-e-falou-sobre-viver-por-mais-90-anos-em-ultima-entrevista.ghtml"", 0.119], [""http://gshow.globo.com/tudo-mais/the-town/noticia/foo-figthers-no-the-town-banda-retorna-para-se-apresentar-no-mesmo-local-de-show-cancelado.ghtml"", 0.1173]]"
http://gshow.globo.com/novelas/amor-perfeito/vem-por-ai/noticia/amor-perfeito-orlando-descobre-pista-crucial-sobre-leonel-rubiao.ghtml,"[[""http://gshow.globo.com/novelas/terra-e-paixao/noticia/terra-e-paixao-debora-ozorio-detalha-estudo-sobre-abuso-sexual-para-viver-drama-de-petra.ghtml"", 0.3877], [""http://gshow.globo.com/novelas/fuzue/vem-por-ai/noticia/fuzue-luna-descobre-pista-importante-sobre-o-passado-de-sua-mae-em-paraty.ghtml"", 0.3626], [""http://gshow.globo.com/novelas/terra-e-paixao/vem-por-ai/noticia/terra-e-paixao-luigi-e-anely-sao-presos.ghtml"", 0.3564], [""http://gshow.globo.com/novelas/amor-perfeito/vem-por-ai/noticia/amor-perfeito-jesus-resgata-frei-joao-da-morte-entenda-como-sera-a-cena.ghtml"", 0.336], [""http://gshow.globo.com/novelas/terra-e-paixao/vem-por-ai/noticia/terra-e-paixao-irene-da-tapa-na-cara-de-angelina-por-causa-de-agatha.ghtml"", 0.3207], [""http://gshow.globo.com/novelas/terra-e-paixao/vem-por-ai/noticia/terra-e-paixao-luigi-e-anely-encontram-tesouro-em-barras-de-ouro.ghtml"", 0.3043], [""http://gshow.globo.com/novelas/amor-perfeito/noticia/orlando-almeida-comenta-casamento-de-orlando-e-gilda-em-amor-perfeito-e-derrocada-da-vila-esta-roda-vai-girar.ghtml"", 0.2562], [""http://gshow.globo.com/novelas/fuzue/vem-por-ai/noticia/fuzue-luna-salva-a-vida-do-filho-de-preciosa.ghtml"", 0.2525], [""http://gshow.globo.com/novelas/amor-perfeito/vem-por-ai/noticia/amor-perfeito-julio-encontra-personagem-que-sera-peca-chave-em-virada-da-novela.ghtml"", 0.2508], [""http://gshow.globo.com/tudo-mais/tv-e-famosos/noticia/deborah-secco-revela-detalhe-da-anatomia-intima-de-hugo-moura-na-estreia-de-sobre-nos-dois.ghtml"", 0.2422]]"
http://gshow.globo.com/tudo-mais/tv-e-famosos/noticia/cezar-black-troca-beijos-com-morena-em-festival-de-musica-em-sao-paulo.ghtml,"[[""http://gshow.globo.com/tudo-mais/tv-e-famosos/noticia/elenco-de-terra-e-paixao-curte-noite-de-samba-ao-lado-de-viviane-araujo.ghtml"", 0.2522], [""http://gshow.globo.com/tudo-mais/tv-e-famosos/noticia/mileide-mihaile-mostra-look-para-show-de-beyonce-em-miami-e-realiza-sonho-como-fa.ghtml"", 0.2369], [""http://gshow.globo.com/tudo-mais/tv-e-famosos/noticia/lexa-pega-carona-no-jatinho-de-anitta.ghtml"", 0.2341], [""http://gshow.globo.com/novelas/terra-e-paixao/noticia/gshow-em-terra-e-paixao-graca-e-jonatas-serao-flagrados-se-pegando.ghtml"", 0.2078], [""http://gshow.globo.com/tudo-mais/tv-e-famosos/noticia/leo-santana-usa-jaqueta-grifada-de-mais-de-r-27-mil-para-show-em-portugal.ghtml"", 0.1974], [""http://gshow.globo.com/tudo-mais/pop/noticia/laura-cardoso-recebe-abraco-apertado-de-ingrid-guimaraes-no-festival-de-gramado.ghtml"", 0.197], [""http://gshow.globo.com/tudo-mais/viralizou/noticia/anitta-repreende-fa-que-estaria-cobrando-dinheiro-do-publico-na-hora-da-foto-veja-video.ghtml"", 0.1708], [""http://gshow.globo.com/novelas/fuzue/vem-por-ai/noticia/fuzue-preciosa-ameaca-com-faca-e-atacada-por-gansos-e-desmaia.ghtml"", 0.1564], [""http://gshow.globo.com/tudo-mais/tv-e-famosos/noticia/bruna-biancardi-deseja-sorte-a-neymar-em-apresentacao-do-jogador-no-al-hilal.ghtml"", 0.1356], [""http://gshow.globo.com/tudo-mais/tv-e-famosos/noticia/nasce-filha-de-bruno-do-klb-em-sao-paulo.ghtml"", 0.128]]"
http://gshow.globo.com/novelas/amor-perfeito/vem-por-ai/noticia/amor-perfeito-jesus-resgata-frei-joao-da-morte-entenda-como-sera-a-cena.ghtml,"[[""http://gshow.globo.com/novelas/amor-perfeito/vem-por-ai/noticia/amor-perfeito-orlando-descobre-pista-crucial-sobre-leonel-rubiao.ghtml"", 0.336], [""http://gshow.globo.com/novelas/terra-e-paixao/vem-por-ai/noticia/terra-e-paixao-agatha-revela-por-que-forjou-a-propria-morte.ghtml"", 0.2745], [""http://gshow.globo.com/novelas/amor-perfeito/vem-por-ai/noticia/amor-perfeito-julio-encontra-personagem-que-sera-peca-chave-em-virada-da-novela.ghtml"", 0.2489], [""http://gshow.globo.com/novelas/terra-e-paixao/vem-por-ai/noticia/terra-e-paixao-luigi-e-anely-sao-presos.ghtml"", 0.2353], [""http://gshow.globo.com/novelas/terra-e-paixao/noticia/terra-e-paixao-debora-ozorio-detalha-estudo-sobre-abuso-sexual-para-viver-drama-de-petra.ghtml"", 0.2286], [""http://gshow.globo.com/novelas/fuzue/vem-por-ai/noticia/fuzue-luna-salva-a-vida-do-filho-de-preciosa.ghtml"", 0.2269], [""http://gshow.globo.com/novelas/terra-e-paixao/vem-por-ai/noticia/terra-e-paixao-agatha-corre-risco-de-morte-em-vinganca-de-irene-veja-fotos-exclusivas.ghtml"", 0.2244], [""http://gshow.globo.com/tudo-mais/pop/noticia/matheus-nachtergaele-sobre-o-auto-da-compadecida-2-nao-sei-o-tamanho-da-emocao-que-estou-sentindo.ghtml"", 0.2231], [""http://gshow.globo.com/novelas/mundo-de-novela/noticia/forca-de-um-desejo-figurino-inspirado-em-imperatriz-e-personagem-revisitada-confira-outras-curiosidades.ghtml"", 0.2212], [""http://gshow.globo.com/novelas/terra-e-paixao/vem-por-ai/noticia/terra-e-paixao-luigi-e-anely-encontram-tesouro-em-barras-de-ouro.ghtml"", 0.1989]]"
http://gshow.globo.com/tudo-mais/tv-e-famosos/noticia/em-meio-a-polemica-de-pais-gananciosos-sandy-diz-que-xororo-sempre-a-incluiu-em-decisoes.ghtml,"[[""http://gshow.globo.com/tudo-mais/viralizou/noticia/larissa-manoela-ganhou-mais-de-2-milhoes-de-seguidores-apos-entrevista-sobre-o-rompimento-com-os-pais.ghtml"", 0.2681], [""http://gshow.globo.com/tudo-mais/pop/noticia/campo-nao-so-de-morangos-veja-artistas-que-como-luisa-sonza-usaram-frutas-em-seus-hits.ghtml"", 0.1995], [""http://gshow.globo.com/tudo-mais/tv-e-famosos/noticia/dia-dos-solteiros-veja-17-famosos-cobicados-que-nao-namoram.ghtml"", 0.1947], [""http://gshow.globo.com/tudo-mais/tv-e-famosos/noticia/de-kim-kardashian-a-paris-hilton-veja-famosos-que-tiveram-filhos-por-meio-de-barriga-de-aluguel.ghtml"", 0.1819], [""http://gshow.globo.com/tudo-mais/tv-e-famosos/noticia/mae-de-larissa-manoela-silvana-fala-sobre-o-rompimento-com-a-filha.ghtml"", 0.1808], [""http://gshow.globo.com/tudo-mais/tv-e-famosos/noticia/sobrinha-de-preta-gil-flor-gil-posta-declaracao-apos-cirurgia-da-cantora-sua-forca-me-inspira.ghtml"", 0.17], [""http://gshow.globo.com/tudo-mais/viralizou/noticia/anitta-repreende-fa-que-estaria-cobrando-dinheiro-do-publico-na-hora-da-foto-veja-video.ghtml"", 0.1692], [""http://gshow.globo.com/tudo-mais/tv-e-famosos/noticia/karoline-lima-mostra-filha-com-eder-militao-falando-papai-no-dia-em-que-jogador-passa-por-cirurgia-no-joelho.ghtml"", 0.166], [""http://gshow.globo.com/tudo-mais/tv-e-famosos/noticia/mae-de-larissa-manoela-silvana-taques-diz-em-entrevista-nunca-quisemos-ficar-com-nada-dela.ghtml"", 0.1515], [""http://gshow.globo.com/tudo-mais/tv-e-famosos/noticia/mae-de-larissa-manoela-da-sua-versao-da-disputa-com-a-filha-em-nova-entrevista.ghtml"", 0.129]]"
http://gshow.globo.com/novelas/terra-e-paixao/vem-por-ai/noticia/terra-e-paixao-agatha-corre-risco-de-morte-em-vinganca-de-irene-veja-fotos-exclusivas.ghtml,"[[""http://gshow.globo.com/novelas/terra-e-paixao/noticia/irene-vibra-com-noticia-morte-de-agatha-em-terra-e-paixao.ghtml"", 0.5073], [""http://gshow.globo.com/novelas/terra-e-paixao/vem-por-ai/noticia/terra-e-paixao-irene-da-tapa-na-cara-de-angelina-por-causa-de-agatha.ghtml"", 0.502], [""http://gshow.globo.com/novelas/terra-e-paixao/vem-por-ai/noticia/terra-e-paixao-agatha-revela-por-que-forjou-a-propria-morte.ghtml"", 0.416], [""http://gshow.globo.com/novelas/mundo-de-novela/noticia/forca-de-um-desejo-figurino-inspirado-em-imperatriz-e-personagem-revisitada-confira-outras-curiosidades.ghtml"", 0.2356], [""http://gshow.globo.com/novelas/amor-perfeito/vem-por-ai/noticia/amor-perfeito-jesus-resgata-frei-joao-da-morte-entenda-como-sera-a-cena.ghtml"", 0.2244], [""http://gshow.globo.com/novelas/terra-e-paixao/noticia/terra-e-paixao-debora-ozorio-detalha-estudo-sobre-abuso-sexual-para-viver-drama-de-petra.ghtml"", 0.2237], [""http://gshow.globo.com/novelas/terra-e-paixao/vem-por-ai/noticia/terra-e-paixao-luigi-e-anely-sao-presos.ghtml"", 0.2189], [""http://gshow.globo.com/novelas/terra-e-paixao/resumo/20230828-a-20230903-12ed7334d52a4a768c78c458465631ab.ghtml"", 0.1989], [""http://gshow.globo.com/novelas/fuzue/vem-por-ai/noticia/fuzue-luna-salva-a-vida-do-filho-de-preciosa.ghtml"", 0.1898], [""http://gshow.globo.com/novelas/terra-e-paixao/vem-por-ai/noticia/terra-e-paixao-luigi-e-anely-encontram-tesouro-em-barras-de-ouro.ghtml"", 0.1796]]"
http://gshow.globo.com/tudo-mais/tv-e-famosos/noticia/mae-de-larissa-manoela-silvana-fala-sobre-o-rompimento-com-a-filha.ghtml,"[[""http://gshow.globo.com/tudo-mais/viralizou/noticia/larissa-manoela-ganhou-mais-de-2-milhoes-de-seguidores-apos-entrevista-sobre-o-rompimento-com-os-pais.ghtml"", 0.3849], [""http://gshow.globo.com/tudo-mais/tv-e-famosos/noticia/mae-de-larissa-manoela-silvana-taques-diz-em-entrevista-nunca-quisemos-ficar-com-nada-dela.ghtml"", 0.3502], [""http://gshow.globo.com/tudo-mais/tv-e-famosos/noticia/mae-de-larissa-manoela-da-sua-versao-da-disputa-com-a-filha-em-nova-entrevista.ghtml"", 0.2253], [""http://gshow.globo.com/tudo-mais/tv-e-famosos/noticia/sobrinha-de-preta-gil-flor-gil-posta-declaracao-apos-cirurgia-da-cantora-sua-forca-me-inspira.ghtml"", 0.2069], [""http://gshow.globo.com/tudo-mais/viralizou/noticia/influenciadora-se-defender-apos-ser-vista-com-sete-segurancas-fora-de-contexto.ghtml"", 0.2015], [""http://gshow.globo.com/tudo-mais/viralizou/noticia/post-de-anuncio-de-neymar-no-ah-hilal-ultrapassa-as-2-milhoes-de-curtidas-em-1-hora.ghtml"", 0.197], [""http://gshow.globo.com/tudo-mais/tv-e-famosos/noticia/publico-compara-filha-com-personagem-de-gabriela-duarte-em-foto-publicada-pela-atriz.ghtml"", 0.1878], [""http://gshow.globo.com/tudo-mais/tv-e-famosos/noticia/em-meio-a-polemica-de-pais-gananciosos-sandy-diz-que-xororo-sempre-a-incluiu-em-decisoes.ghtml"", 0.1808], [""http://gshow.globo.com/tudo-mais/viralizou/noticia/anitta-repreende-fa-que-estaria-cobrando-dinheiro-do-publico-na-hora-da-foto-veja-video.ghtml"", 0.1662], [""http://gshow.globo.com/novelas/terra-e-paixao/noticia/irene-vibra-com-noticia-morte-de-agatha-em-terra-e-paixao.ghtml"", 0.1548]]"
http://gshow.globo.com/tudo-mais/tv-e-famosos/noticia/karoline-lima-mostra-filha-com-eder-militao-falando-papai-no-dia-em-que-jogador-passa-por-cirurgia-no-joelho.ghtml,"[[""http://gshow.globo.com/tudo-mais/tv-e-famosos/noticia/preta-gil-se-recupera-bem-de-cirurgia-de-retirada-de-cancer-no-intestino-diz-equipe-medica-acordada-em-bom-estado-geral.ghtml"", 0.2051], [""http://gshow.globo.com/tudo-mais/tv-e-famosos/noticia/preta-gil-ja-esta-em-pe-fazendo-fisioterapia-diz-gominho.ghtml"", 0.2016], [""http://gshow.globo.com/tudo-mais/tv-e-famosos/noticia/mister-m-reencontra-cid-moreira-e-aparece-em-foto-ao-lado-do-apresentador.ghtml"", 0.192], [""http://gshow.globo.com/tudo-mais/tv-e-famosos/noticia/filho-de-neymar-davi-lucca-impressiona-com-ingles-fluente-durante-entrevista.ghtml"", 0.1692], [""http://gshow.globo.com/tudo-mais/tv-e-famosos/noticia/em-meio-a-polemica-de-pais-gananciosos-sandy-diz-que-xororo-sempre-a-incluiu-em-decisoes.ghtml"", 0.166], [""http://gshow.globo.com/tudo-mais/tv-e-famosos/noticia/lexa-pega-carona-no-jatinho-de-anitta.ghtml"", 0.1629], [""http://gshow.globo.com/tudo-mais/viralizou/noticia/anitta-repreende-fa-que-estaria-cobrando-dinheiro-do-publico-na-hora-da-foto-veja-video.ghtml"", 0.1508], [""http://gshow.globo.com/tudo-mais/tv-e-famosos/noticia/pedro-novaes-filho-de-marcelo-novaes-impressiona-com-bracos-a-mostra-em-look.ghtml"", 0.1481], [""http://gshow.globo.com/tudo-mais/tv-e-famosos/noticia/publico-compara-filha-com-personagem-de-gabriela-duarte-em-foto-publicada-pela-atriz.ghtml"", 0.1478], [""http://gshow.globo.com/tudo-mais/tv-e-famosos/noticia/deborah-secco-se-diverte-com-revelacao-intima-sobre-hugo-moura-exposto-em-rede-nacional.ghtml"", 0.146]]"
http://gshow.globo.com/tudo-mais/pop/noticia/campo-nao-so-de-morangos-veja-artistas-que-como-luisa-sonza-usaram-frutas-em-seus-hits.ghtml,"[[""http://gshow.globo.com/moda-e-beleza/noticia/ronda-de-looks-veja-as-producoes-que-as-famosas-usaram-durante-os-eventos-da-semana.ghtml"", 0.3877], [""http://gshow.globo.com/tudo-mais/tv-e-famosos/noticia/maira-cardi-zilu-camargo-e-mais-veja-famosos-que-viraram-coach.ghtml"", 0.3224], [""http://gshow.globo.com/tudo-mais/tv-e-famosos/noticia/dia-dos-solteiros-veja-17-famosos-cobicados-que-nao-namoram.ghtml"", 0.2977], [""http://gshow.globo.com/tudo-mais/tv-e-famosos/noticia/veja-atores-que-sao-irmaos-na-vida-real-e-tambem-na-ficcao.ghtml"", 0.234], [""http://gshow.globo.com/tudo-mais/tv-e-famosos/noticia/de-kim-kardashian-a-paris-hilton-veja-famosos-que-tiveram-filhos-por-meio-de-barriga-de-aluguel.ghtml"", 0.2239], [""http://gshow.globo.com/moda-e-beleza/noticia/lingerie-no-dia-a-dia-aprenda-a-montar-cinco-looks-com-pecas-do-seu-guarda-roupa-intimo.ghtml"", 0.2088], [""http://gshow.globo.com/tudo-mais/tv-e-famosos/noticia/em-meio-a-polemica-de-pais-gananciosos-sandy-diz-que-xororo-sempre-a-incluiu-em-decisoes.ghtml"", 0.1995], [""http://gshow.globo.com/novelas/fuzue/noticia/fuzue-memes-sobre-a-trama-ganham-redes-sociais-na-primeira-semana.ghtml"", 0.1716], [""http://gshow.globo.com/novelas/mundo-de-novela/noticia/forca-de-um-desejo-figurino-inspirado-em-imperatriz-e-personagem-revisitada-confira-outras-curiosidades.ghtml"", 0.1629], [""http://gshow.globo.com/moda-e-beleza/noticia/isis-valverde-brilha-com-calca-de-r10-mil-em-premiere-de-angela-veja-detalhes-do-look.ghtml"", 0.1401]]"
http://gshow.globo.com/tudo-mais/tv-e-famosos/noticia/segundo-filho-de-rihanna-e-aap-rocky-nasceu-no-inicio-do-mes-revela-site.ghtml,"[[""http://gshow.globo.com/tudo-mais/tv-e-famosos/noticia/nasce-filha-de-bruno-do-klb-em-sao-paulo.ghtml"", 0.2895], [""http://gshow.globo.com/tudo-mais/tv-e-famosos/noticia/bruce-springsteen-adia-datas-da-turne-por-conta-de-doenca-nao-revelada.ghtml"", 0.1932], [""http://gshow.globo.com/tudo-mais/viralizou/noticia/post-de-anuncio-de-neymar-no-ah-hilal-ultrapassa-as-2-milhoes-de-curtidas-em-1-hora.ghtml"", 0.1855], [""http://gshow.globo.com/tudo-mais/the-town/noticia/foo-figthers-no-the-town-banda-retorna-para-se-apresentar-no-mesmo-local-de-show-cancelado.ghtml"", 0.1817], [""http://gshow.globo.com/tudo-mais/tv-e-famosos/noticia/hariany-confirma-romance-com-filho-de-leonardo-estamos-ficando-nos-curtindo-esta-leve.ghtml"", 0.1752], [""http://gshow.globo.com/tudo-mais/tv-e-famosos/noticia/de-kim-kardashian-a-paris-hilton-veja-famosos-que-tiveram-filhos-por-meio-de-barriga-de-aluguel.ghtml"", 0.1745], [""http://gshow.globo.com/tudo-mais/tv-e-famosos/noticia/familia-de-neymar-celebra-anuncio-do-jogador-no-al-hilal-estamos-juntos.ghtml"", 0.173], [""http://gshow.globo.com/tudo-mais/tv-e-famosos/noticia/filho-de-neymar-davi-lucca-impressiona-com-ingles-fluente-durante-entrevista.ghtml"", 0.1661], [""http://gshow.globo.com/tudo-mais/tv-e-famosos/noticia/zagallo-apresenta-melhora-clinica-em-hospital-diz-boletim-medico.ghtml"", 0.1611], [""http://gshow.globo.com/tudo-mais/tv-e-famosos/noticia/ze-vaqueiro-confirma-retorno-aos-palcos-e-pede-oracoes-para-o-filho-internado.ghtml"", 0.1307]]"
http://gshow.globo.com/tudo-mais/tv-e-famosos/noticia/sobrevivente-de-tragedia-com-torcedores-do-corinthians-revela-tensao-em-onibus-gritaria-e-muita-poeira.ghtml,"[[""http://gshow.globo.com/novelas/fuzue/vem-por-ai/noticia/fuzue-preciosa-ameaca-com-faca-e-atacada-por-gansos-e-desmaia.ghtml"", 0.2304], [""http://gshow.globo.com/tudo-mais/tv-e-famosos/noticia/gil-do-vigor-tem-carro-enguicado-ao-fazer-confusao-na-hora-de-abastecer-veja-video.ghtml"", 0.2237], [""http://gshow.globo.com/tudo-mais/viralizou/noticia/influenciadora-se-defender-apos-ser-vista-com-sete-segurancas-fora-de-contexto.ghtml"", 0.1961], [""http://gshow.globo.com/novelas/terra-e-paixao/vem-por-ai/noticia/terra-e-paixao-agatha-corre-risco-de-morte-em-vinganca-de-irene-veja-fotos-exclusivas.ghtml"", 0.1677], [""http://gshow.globo.com/tudo-mais/tv-e-famosos/noticia/familia-de-neymar-celebra-anuncio-do-jogador-no-al-hilal-estamos-juntos.ghtml"", 0.1656], [""http://gshow.globo.com/novelas/fuzue/vem-por-ai/noticia/fuzue-luna-e-surpreendida-por-preciosa-com-uma-faca-no-meio-da-mata.ghtml"", 0.1529], [""http://gshow.globo.com/tudo-mais/tv-e-famosos/noticia/preta-gil-passa-bem-apos-cirurgia-para-retirada-do-cancer-no-intestino.ghtml"", 0.1366], [""http://gshow.globo.com/tudo-mais/tv-e-famosos/noticia/maira-cardi-mostra-novos-prints-sobre-treta-com-mulher-de-thiago-silva.ghtml"", 0.1345], [""http://gshow.globo.com/tudo-mais/tv-e-famosos/noticia/preta-gil-se-recupera-bem-de-cirurgia-de-retirada-de-cancer-no-intestino-diz-equipe-medica-acordada-em-bom-estado-geral.ghtml"", 0.1321], [""http://gshow.globo.com/novelas/terra-e-paixao/vem-por-ai/noticia/terra-e-paixao-irene-da-tapa-na-cara-de-angelina-por-causa-de-agatha.ghtml"", 0.1265]]"
http://gshow.globo.com/tudo-mais/tv-e-famosos/noticia/deborah-secco-revela-detalhe-da-anatomia-intima-de-hugo-moura-na-estreia-de-sobre-nos-dois.ghtml,"[[""http://gshow.globo.com/tudo-mais/tv-e-famosos/noticia/deborah-secco-se-diverte-com-revelacao-intima-sobre-hugo-moura-exposto-em-rede-nacional.ghtml"", 0.6415], [""http://gshow.globo.com/tudo-mais/tv-e-famosos/noticia/sabrina-sato-e-marcelo-adnet-participam-do-lancamento-de-sobre-nos-dois.ghtml"", 0.4335], [""http://gshow.globo.com/tudo-mais/tv-e-famosos/noticia/fas-lotam-rede-social-de-hugo-moura-apos-comentario-de-deborah-secco-o-brasil-ficou-curioso.ghtml"", 0.4215], [""http://gshow.globo.com/tudo-mais/pop/noticia/matheus-nachtergaele-sobre-o-auto-da-compadecida-2-nao-sei-o-tamanho-da-emocao-que-estou-sentindo.ghtml"", 0.2684], [""http://gshow.globo.com/realities/no-limite/2023/noticia/apos-no-limite-paulinho-vilhena-revela-vontade-de-retomar-seriado-de-sandy-e-junior-a-gente-ja-escreveu-algumas-coisas.ghtml"", 0.2532], [""http://gshow.globo.com/novelas/terra-e-paixao/noticia/terra-e-paixao-debora-ozorio-detalha-estudo-sobre-abuso-sexual-para-viver-drama-de-petra.ghtml"", 0.2506], [""http://gshow.globo.com/novelas/amor-perfeito/vem-por-ai/noticia/amor-perfeito-orlando-descobre-pista-crucial-sobre-leonel-rubiao.ghtml"", 0.2422], [""http://gshow.globo.com/tudo-mais/tv-e-famosos/noticia/maira-cardi-mostra-novos-prints-sobre-treta-com-mulher-de-thiago-silva.ghtml"", 0.2001], [""http://gshow.globo.com/tudo-mais/tv-e-famosos/noticia/anitta-comenta-affair-com-simone-susinna-pra-sempre-e-muito-forte.ghtml"", 0.1869], [""http://gshow.globo.com/tudo-mais/tv-e-famosos/noticia/sheron-menezzes-enaltece-relacionamento-de-12-anos-com-marido-ele-me-completa.ghtml"", 0.1749]]"
http://gshow.globo.com/tudo-mais/tv-e-famosos/noticia/jornal-nacional-e-fantastico-sao-indicados-ao-emmy-internacional-de-jornalismo-2023.ghtml,"[[""http://gshow.globo.com/realities/no-limite/2023/noticia/desespero-em-desempate-com-eliminacao-dupla-marcam-o-penultimo-episodio-do-no-limite-2023.ghtml"", 0.3097], [""http://gshow.globo.com/tudo-mais/pop/noticia/laura-cardoso-recebe-abraco-apertado-de-ingrid-guimaraes-no-festival-de-gramado.ghtml"", 0.2925], [""http://gshow.globo.com/realities/no-limite/2023/noticia/paratleta-campeao-do-no-limite-2023-dede-revela-o-que-fara-com-o-premio-e-agradece-fernando-fernandes-idolo.ghtml"", 0.2084], [""http://gshow.globo.com/tudo-mais/tv-e-famosos/noticia/mister-m-reencontra-cid-moreira-e-aparece-em-foto-ao-lado-do-apresentador.ghtml"", 0.1777], [""http://gshow.globo.com/realities/no-limite/2023/noticia/em-entrevista-exclusiva-eliminada-por-voto-aberto-fala-sobre-traicao-no-no-limite.ghtml"", 0.1577], [""http://gshow.globo.com/tudo-mais/tv-e-famosos/noticia/sabrina-sato-e-marcelo-adnet-participam-do-lancamento-de-sobre-nos-dois.ghtml"", 0.1449], [""http://gshow.globo.com/tudo-mais/tv-e-famosos/noticia/pipoca-da-ivete-volta-em-2a-temporada-com-novos-quadros-e-convidados.ghtml"", 0.1252], [""http://gshow.globo.com/tudo-mais/tv-e-famosos/noticia/zagallo-segue-internado-em-hospital-da-barra.ghtml"", 0.1192], [""http://gshow.globo.com/novelas/fuzue/noticia/fuzue-memes-sobre-a-trama-ganham-redes-sociais-na-primeira-semana.ghtml"", 0.1105], [""http://gshow.globo.com/tudo-mais/pop/noticia/matheus-nachtergaele-sobre-o-auto-da-compadecida-2-nao-sei-o-tamanho-da-emocao-que-estou-sentindo.ghtml"", 0.1088]]"
http://gshow.globo.com/tudo-mais/tv-e-famosos/noticia/preta-gil-se-recupera-bem-de-cirurgia-de-retirada-de-cancer-no-intestino-diz-equipe-medica-acordada-em-bom-estado-geral.ghtml,"[[""http://gshow.globo.com/tudo-mais/tv-e-famosos/noticia/preta-gil-ja-esta-em-pe-fazendo-fisioterapia-diz-gominho.ghtml"", 0.5048], [""http://gshow.globo.com/tudo-mais/tv-e-famosos/noticia/zagallo-segue-internado-em-hospital-da-barra.ghtml"", 0.4225], [""http://gshow.globo.com/tudo-mais/tv-e-famosos/noticia/zagallo-apresenta-melhora-clinica-em-hospital-diz-boletim-medico.ghtml"", 0.4209], [""http://gshow.globo.com/tudo-mais/tv-e-famosos/noticia/preta-gil-tem-estado-de-saude-atualizado.ghtml"", 0.4025], [""http://gshow.globo.com/tudo-mais/tv-e-famosos/noticia/preta-gil-passa-bem-apos-cirurgia-para-retirada-do-cancer-no-intestino.ghtml"", 0.3654], [""http://gshow.globo.com/tudo-mais/tv-e-famosos/noticia/sobrinha-de-preta-gil-flor-gil-posta-declaracao-apos-cirurgia-da-cantora-sua-forca-me-inspira.ghtml"", 0.3345], [""http://gshow.globo.com/tudo-mais/tv-e-famosos/noticia/ze-vaqueiro-confirma-retorno-aos-palcos-e-pede-oracoes-para-o-filho-internado.ghtml"", 0.2548], [""http://gshow.globo.com/tudo-mais/tv-e-famosos/noticia/luccas-neto-surpreende-fa-em-tratamento-contra-o-cancer-acredite-nos-seus-sonhos.ghtml"", 0.2166], [""http://gshow.globo.com/tudo-mais/tv-e-famosos/noticia/karoline-lima-mostra-filha-com-eder-militao-falando-papai-no-dia-em-que-jogador-passa-por-cirurgia-no-joelho.ghtml"", 0.2051], [""http://gshow.globo.com/tudo-mais/tv-e-famosos/noticia/jojo-todynho-explica-decisao-de-fazer-bariatrica-e-diz-eu-nunca-romantizei-a-obesidade.ghtml"", 0.1878]]"
http://gshow.globo.com/realities/no-limite/2023/noticia/apos-no-limite-paulinho-vilhena-revela-vontade-de-retomar-seriado-de-sandy-e-junior-a-gente-ja-escreveu-algumas-coisas.ghtml,"[[""http://gshow.globo.com/tudo-mais/tv-e-famosos/noticia/sabrina-sato-e-marcelo-adnet-participam-do-lancamento-de-sobre-nos-dois.ghtml"", 0.3868], [""http://gshow.globo.com/tudo-mais/tv-e-famosos/noticia/deborah-secco-revela-detalhe-da-anatomia-intima-de-hugo-moura-na-estreia-de-sobre-nos-dois.ghtml"", 0.2532], [""http://gshow.globo.com/tudo-mais/tv-e-famosos/noticia/hariany-confirma-romance-com-filho-de-leonardo-estamos-ficando-nos-curtindo-esta-leve.ghtml"", 0.2433], [""http://gshow.globo.com/novelas/amor-perfeito/noticia/orlando-almeida-comenta-casamento-de-orlando-e-gilda-em-amor-perfeito-e-derrocada-da-vila-esta-roda-vai-girar.ghtml"", 0.228], [""http://gshow.globo.com/tudo-mais/tv-e-famosos/noticia/mae-de-larissa-manoela-silvana-taques-diz-em-entrevista-nunca-quisemos-ficar-com-nada-dela.ghtml"", 0.2216], [""http://gshow.globo.com/tudo-mais/tv-e-famosos/noticia/fas-lotam-rede-social-de-hugo-moura-apos-comentario-de-deborah-secco-o-brasil-ficou-curioso.ghtml"", 0.1892], [""http://gshow.globo.com/tudo-mais/tv-e-famosos/noticia/deborah-secco-se-diverte-com-revelacao-intima-sobre-hugo-moura-exposto-em-rede-nacional.ghtml"", 0.1525], [""http://gshow.globo.com/novelas/amor-perfeito/vem-por-ai/noticia/amor-perfeito-julio-encontra-personagem-que-sera-peca-chave-em-virada-da-novela.ghtml"", 0.1477], [""http://gshow.globo.com/tudo-mais/tv-e-famosos/noticia/anitta-comenta-affair-com-simone-susinna-pra-sempre-e-muito-forte.ghtml"", 0.1356], [""http://gshow.globo.com/tudo-mais/tv-e-famosos/noticia/sheron-menezzes-enaltece-relacionamento-de-12-anos-com-marido-ele-me-completa.ghtml"", 0.1293]]"
http://gshow.globo.com/realities/no-limite/2023/noticia/desespero-em-desempate-com-eliminacao-dupla-marcam-o-penultimo-episodio-do-no-limite-2023.ghtml,"[[""http://gshow.globo.com/realities/no-limite/2023/noticia/pela-segunda-vez-no-limite-tem-campeao-que-veio-da-repescagem-relembre.ghtml"", 0.3764], [""http://gshow.globo.com/realities/no-limite/2023/noticia/em-entrevista-exclusiva-eliminada-por-voto-aberto-fala-sobre-traicao-no-no-limite.ghtml"", 0.3447], [""http://gshow.globo.com/tudo-mais/tv-e-famosos/noticia/jornal-nacional-e-fantastico-sao-indicados-ao-emmy-internacional-de-jornalismo-2023.ghtml"", 0.3097], [""http://gshow.globo.com/realities/no-limite/2023/noticia/carol-nakamura-perde-semifinal-deixa-o-no-limite-amazonia-e-se-emociona-frustrante.ghtml"", 0.302], [""http://gshow.globo.com/tudo-mais/the-town/noticia/foo-figthers-no-the-town-banda-retorna-para-se-apresentar-no-mesmo-local-de-show-cancelado.ghtml"", 0.2419], [""http://gshow.globo.com/novelas/terra-e-paixao/resumo/20230828-a-20230903-12ed7334d52a4a768c78c458465631ab.ghtml"", 0.2274], [""http://gshow.globo.com/novelas/fuzue/resumo/20230828-a-20230903-4027771c62194aa1bc631806fe20aeef.ghtml"", 0.2267], [""http://gshow.globo.com/novelas/amor-perfeito/vem-por-ai/noticia/amor-perfeito-orlando-descobre-pista-crucial-sobre-leonel-rubiao.ghtml"", 0.176], [""http://gshow.globo.com/tudo-mais/pop/noticia/matheus-nachtergaele-sobre-o-auto-da-compadecida-2-nao-sei-o-tamanho-da-emocao-que-estou-sentindo.ghtml"", 0.1519], [""http://gshow.globo.com/novelas/fuzue/noticia/fuzue-memes-sobre-a-trama-ganham-redes-sociais-na-primeira-semana.ghtml"", 0.148]]"
http://gshow.globo.com/novelas/terra-e-paixao/vem-por-ai/noticia/terra-e-paixao-luigi-e-anely-encontram-tesouro-em-barras-de-ouro.ghtml,"[[""http://gshow.globo.com/novelas/terra-e-paixao/vem-por-ai/noticia/terra-e-paixao-luigi-e-anely-sao-presos.ghtml"", 0.8009], [""http://gshow.globo.com/novelas/terra-e-paixao/vem-por-ai/noticia/terra-e-paixao-irene-da-tapa-na-cara-de-angelina-por-causa-de-agatha.ghtml"", 0.3757], [""http://gshow.globo.com/novelas/amor-perfeito/vem-por-ai/noticia/amor-perfeito-orlando-descobre-pista-crucial-sobre-leonel-rubiao.ghtml"", 0.3043], [""http://gshow.globo.com/novelas/fuzue/vem-por-ai/noticia/fuzue-luna-e-surpreendida-por-preciosa-com-uma-faca-no-meio-da-mata.ghtml"", 0.2984], [""http://gshow.globo.com/novelas/fuzue/vem-por-ai/noticia/fuzue-luna-descobre-pista-importante-sobre-o-passado-de-sua-mae-em-paraty.ghtml"", 0.281], [""http://gshow.globo.com/novelas/fuzue/vem-por-ai/noticia/fuzue-luna-salva-a-vida-do-filho-de-preciosa.ghtml"", 0.2731], [""http://gshow.globo.com/novelas/terra-e-paixao/vem-por-ai/noticia/terra-e-paixao-agatha-revela-por-que-forjou-a-propria-morte.ghtml"", 0.2497], [""http://gshow.globo.com/novelas/fuzue/vem-por-ai/noticia/fuzue-preciosa-ameaca-com-faca-e-atacada-por-gansos-e-desmaia.ghtml"", 0.2237], [""http://gshow.globo.com/novelas/amor-perfeito/vem-por-ai/noticia/amor-perfeito-jesus-resgata-frei-joao-da-morte-entenda-como-sera-a-cena.ghtml"", 0.1989], [""http://gshow.globo.com/tudo-mais/pop/noticia/globoplay-lanca-3a-colecao-de-nfts-do-xuxaverso-com-venda-de-10-figurinhas-ineditas.ghtml"", 0.1975]]"
http://gshow.globo.com/tudo-mais/pop/noticia/matheus-nachtergaele-sobre-o-auto-da-compadecida-2-nao-sei-o-tamanho-da-emocao-que-estou-sentindo.ghtml,"[[""http://gshow.globo.com/realities/no-limite/2023/noticia/carol-nakamura-perde-semifinal-deixa-o-no-limite-amazonia-e-se-emociona-frustrante.ghtml"", 0.3101], [""http://gshow.globo.com/tudo-mais/tv-e-famosos/noticia/alice-wegmann-fala-sobre-abuso-sofrido-as-feridas-tao-muito-abertas-ainda.ghtml"", 0.2759], [""http://gshow.globo.com/realities/no-limite/2023/noticia/ultima-famosa-a-deixar-o-no-limite-carol-nakamura-conta-que-foi-julgada-tentaram-dizer-que-nao-preciso.ghtml"", 0.2745], [""http://gshow.globo.com/tudo-mais/tv-e-famosos/noticia/deborah-secco-revela-detalhe-da-anatomia-intima-de-hugo-moura-na-estreia-de-sobre-nos-dois.ghtml"", 0.2684], [""http://gshow.globo.com/novelas/amor-perfeito/vem-por-ai/noticia/amor-perfeito-jesus-resgata-frei-joao-da-morte-entenda-como-sera-a-cena.ghtml"", 0.2231], [""http://gshow.globo.com/novelas/amor-perfeito/vem-por-ai/noticia/amor-perfeito-orlando-descobre-pista-crucial-sobre-leonel-rubiao.ghtml"", 0.2148], [""http://gshow.globo.com/tudo-mais/tv-e-famosos/noticia/anitta-comenta-affair-com-simone-susinna-pra-sempre-e-muito-forte.ghtml"", 0.1998], [""http://gshow.globo.com/novelas/terra-e-paixao/noticia/terra-e-paixao-debora-ozorio-detalha-estudo-sobre-abuso-sexual-para-viver-drama-de-petra.ghtml"", 0.186], [""http://gshow.globo.com/realities/no-limite/2023/noticia/desespero-em-desempate-com-eliminacao-dupla-marcam-o-penultimo-episodio-do-no-limite-2023.ghtml"", 0.1519], [""http://gshow.globo.com/novelas/terra-e-paixao/vem-por-ai/noticia/terra-e-paixao-agatha-revela-por-que-forjou-a-propria-morte.ghtml"", 0.1252]]"
http://gshow.globo.com/tudo-mais/tv-e-famosos/noticia/mister-m-reencontra-cid-moreira-e-aparece-em-foto-ao-lado-do-apresentador.ghtml,"[[""http://gshow.globo.com/tudo-mais/tv-e-famosos/noticia/publico-compara-filha-com-personagem-de-gabriela-duarte-em-foto-publicada-pela-atriz.ghtml"", 0.2055], [""http://gshow.globo.com/tudo-mais/tv-e-famosos/noticia/karoline-lima-mostra-filha-com-eder-militao-falando-papai-no-dia-em-que-jogador-passa-por-cirurgia-no-joelho.ghtml"", 0.192], [""http://gshow.globo.com/realities/no-limite/2023/noticia/unica-famosa-na-semifinal-carol-nakamura-chama-a-atencao-de-internautas-em-prova.ghtml"", 0.1817], [""http://gshow.globo.com/tudo-mais/tv-e-famosos/noticia/jornal-nacional-e-fantastico-sao-indicados-ao-emmy-internacional-de-jornalismo-2023.ghtml"", 0.1777], [""http://gshow.globo.com/tudo-mais/tv-e-famosos/noticia/pipoca-da-ivete-volta-em-2a-temporada-com-novos-quadros-e-convidados.ghtml"", 0.1678], [""http://gshow.globo.com/realities/no-limite/2023/noticia/paratleta-campeao-do-no-limite-2023-dede-revela-o-que-fara-com-o-premio-e-agradece-fernando-fernandes-idolo.ghtml"", 0.1676], [""http://gshow.globo.com/tudo-mais/tv-e-famosos/noticia/bruna-biancardi-deseja-sorte-a-neymar-em-apresentacao-do-jogador-no-al-hilal.ghtml"", 0.1563], [""http://gshow.globo.com/tudo-mais/tv-e-famosos/noticia/filho-de-murilo-benicio-e-alessandra-negrini-antonio-benicio-anima-seguidores-com-foto-sem-camisa.ghtml"", 0.1556], [""http://gshow.globo.com/tudo-mais/tv-e-famosos/noticia/mileide-mihaile-mostra-look-para-show-de-beyonce-em-miami-e-realiza-sonho-como-fa.ghtml"", 0.1478], [""http://gshow.globo.com/tudo-mais/tv-e-famosos/noticia/maira-cardi-comenta-polemicas-e-desabafa-em-live.ghtml"", 0.1439]]"
http://gshow.globo.com/tudo-mais/tv-e-famosos/noticia/maira-cardi-zilu-camargo-e-mais-veja-famosos-que-viraram-coach.ghtml,"[[""http://gshow.globo.com/tudo-mais/tv-e-famosos/noticia/de-kim-kardashian-a-paris-hilton-veja-famosos-que-tiveram-filhos-por-meio-de-barriga-de-aluguel.ghtml"", 0.4224], [""http://gshow.globo.com/tudo-mais/tv-e-famosos/noticia/dia-dos-solteiros-veja-17-famosos-cobicados-que-nao-namoram.ghtml"", 0.3904], [""http://gshow.globo.com/moda-e-beleza/noticia/ronda-de-looks-veja-as-producoes-que-as-famosas-usaram-durante-os-eventos-da-semana.ghtml"", 0.3643], [""http://gshow.globo.com/tudo-mais/tv-e-famosos/noticia/belle-silva-se-pronuncia-sobre-rumores-de-thiago-participar-em-programa-de-emagrecimento.ghtml"", 0.347], [""http://gshow.globo.com/tudo-mais/pop/noticia/campo-nao-so-de-morangos-veja-artistas-que-como-luisa-sonza-usaram-frutas-em-seus-hits.ghtml"", 0.3224], [""http://gshow.globo.com/tudo-mais/tv-e-famosos/noticia/maira-cardi-rebate-critica-de-daniel-cady.ghtml"", 0.3012], [""http://gshow.globo.com/tudo-mais/tv-e-famosos/noticia/veja-atores-que-sao-irmaos-na-vida-real-e-tambem-na-ficcao.ghtml"", 0.2744], [""http://gshow.globo.com/moda-e-beleza/noticia/lingerie-no-dia-a-dia-aprenda-a-montar-cinco-looks-com-pecas-do-seu-guarda-roupa-intimo.ghtml"", 0.2467], [""http://gshow.globo.com/moda-e-beleza/noticia/isis-valverde-brilha-com-calca-de-r10-mil-em-premiere-de-angela-veja-detalhes-do-look.ghtml"", 0.2308], [""http://gshow.globo.com/tudo-mais/viralizou/noticia/anitta-repreende-fa-que-estaria-cobrando-dinheiro-do-publico-na-hora-da-foto-veja-video.ghtml"", 0.1964]]"
http://gshow.globo.com/tudo-mais/tv-e-famosos/noticia/deborah-secco-se-diverte-com-revelacao-intima-sobre-hugo-moura-exposto-em-rede-nacional.ghtml,"[[""http://gshow.globo.com/tudo-mais/tv-e-famosos/noticia/deborah-secco-revela-detalhe-da-anatomia-intima-de-hugo-moura-na-estreia-de-sobre-nos-dois.ghtml"", 0.6415], [""http://gshow.globo.com/tudo-mais/tv-e-famosos/noticia/fas-lotam-rede-social-de-hugo-moura-apos-comentario-de-deborah-secco-o-brasil-ficou-curioso.ghtml"", 0.4846], [""http://gshow.globo.com/tudo-mais/tv-e-famosos/noticia/maira-cardi-mostra-novos-prints-sobre-treta-com-mulher-de-thiago-silva.ghtml"", 0.2538], [""http://gshow.globo.com/tudo-mais/tv-e-famosos/noticia/sabrina-sato-e-marcelo-adnet-participam-do-lancamento-de-sobre-nos-dois.ghtml"", 0.2396], [""http://gshow.globo.com/tudo-mais/tv-e-famosos/noticia/alice-wegmann-fala-sobre-abuso-sofrido-as-feridas-tao-muito-abertas-ainda.ghtml"", 0.1906], [""http://gshow.globo.com/tudo-mais/tv-e-famosos/noticia/sheron-menezzes-enaltece-relacionamento-de-12-anos-com-marido-ele-me-completa.ghtml"", 0.1784], [""http://gshow.globo.com/tudo-mais/tv-e-famosos/noticia/aline-wirley-faz-topless-no-quintal-de-casa.ghtml"", 0.1762], [""http://gshow.globo.com/tudo-mais/tv-e-famosos/noticia/claudia-ohana-faz-book-com-roupa-estilosa-e-seguidores-elogiam-deusa-suprema.ghtml"", 0.1554], [""http://gshow.globo.com/realities/no-limite/2023/noticia/apos-no-limite-paulinho-vilhena-revela-vontade-de-retomar-seriado-de-sandy-e-junior-a-gente-ja-escreveu-algumas-coisas.ghtml"", 0.1525], [""http://gshow.globo.com/novelas/terra-e-paixao/noticia/terra-e-paixao-debora-ozorio-detalha-estudo-sobre-abuso-sexual-para-viver-drama-de-petra.ghtml"", 0.1493]]"
http://gshow.globo.com/tudo-mais/viralizou/noticia/post-de-anuncio-de-neymar-no-ah-hilal-ultrapassa-as-2-milhoes-de-curtidas-em-1-hora.ghtml,"[[""http://gshow.globo.com/tudo-mais/viralizou/noticia/larissa-manoela-ganhou-mais-de-2-milhoes-de-seguidores-apos-entrevista-sobre-o-rompimento-com-os-pais.ghtml"", 0.3672], [""http://gshow.globo.com/tudo-mais/tv-e-famosos/noticia/familia-de-neymar-celebra-anuncio-do-jogador-no-al-hilal-estamos-juntos.ghtml"", 0.3573], [""http://gshow.globo.com/novelas/fuzue/noticia/fuzue-memes-sobre-a-trama-ganham-redes-sociais-na-primeira-semana.ghtml"", 0.2969], [""http://gshow.globo.com/tudo-mais/tv-e-famosos/noticia/bruna-biancardi-deseja-sorte-a-neymar-em-apresentacao-do-jogador-no-al-hilal.ghtml"", 0.284], [""http://gshow.globo.com/tudo-mais/tv-e-famosos/noticia/filho-de-neymar-davi-lucca-impressiona-com-ingles-fluente-durante-entrevista.ghtml"", 0.213], [""http://gshow.globo.com/tudo-mais/tv-e-famosos/noticia/fas-lotam-rede-social-de-hugo-moura-apos-comentario-de-deborah-secco-o-brasil-ficou-curioso.ghtml"", 0.2122], [""http://gshow.globo.com/tudo-mais/tv-e-famosos/noticia/mae-de-larissa-manoela-silvana-fala-sobre-o-rompimento-com-a-filha.ghtml"", 0.197], [""http://gshow.globo.com/tudo-mais/tv-e-famosos/noticia/leo-santana-usa-jaqueta-grifada-de-mais-de-r-27-mil-para-show-em-portugal.ghtml"", 0.1879], [""http://gshow.globo.com/tudo-mais/tv-e-famosos/noticia/segundo-filho-de-rihanna-e-aap-rocky-nasceu-no-inicio-do-mes-revela-site.ghtml"", 0.1855], [""http://gshow.globo.com/tudo-mais/viralizou/noticia/anitta-repreende-fa-que-estaria-cobrando-dinheiro-do-publico-na-hora-da-foto-veja-video.ghtml"", 0.1829]]"
http://gshow.globo.com/novelas/fuzue/vem-por-ai/noticia/fuzue-luna-e-surpreendida-por-preciosa-com-uma-faca-no-meio-da-mata.ghtml,"[[""http://gshow.globo.com/novelas/fuzue/vem-por-ai/noticia/fuzue-preciosa-ameaca-com-faca-e-atacada-por-gansos-e-desmaia.ghtml"", 0.5902], [""http://gshow.globo.com/novelas/fuzue/vem-por-ai/noticia/fuzue-luna-salva-a-vida-do-filho-de-preciosa.ghtml"", 0.4339], [""http://gshow.globo.com/novelas/fuzue/vem-por-ai/noticia/fuzue-luna-descobre-pista-importante-sobre-o-passado-de-sua-mae-em-paraty.ghtml"", 0.4207], [""http://gshow.globo.com/novelas/terra-e-paixao/vem-por-ai/noticia/terra-e-paixao-luigi-e-anely-encontram-tesouro-em-barras-de-ouro.ghtml"", 0.2984], [""http://gshow.globo.com/novelas/terra-e-paixao/vem-por-ai/noticia/terra-e-paixao-irene-da-tapa-na-cara-de-angelina-por-causa-de-agatha.ghtml"", 0.2732], [""http://gshow.globo.com/novelas/terra-e-paixao/vem-por-ai/noticia/terra-e-paixao-luigi-e-anely-sao-presos.ghtml"", 0.2703], [""http://gshow.globo.com/novelas/terra-e-paixao/vem-por-ai/noticia/terra-e-paixao-agatha-revela-por-que-forjou-a-propria-morte.ghtml"", 0.2164], [""http://gshow.globo.com/novelas/amor-perfeito/vem-por-ai/noticia/amor-perfeito-jesus-resgata-frei-joao-da-morte-entenda-como-sera-a-cena.ghtml"", 0.1964], [""http://gshow.globo.com/tudo-mais/tv-e-famosos/noticia/gil-do-vigor-tem-carro-enguicado-ao-fazer-confusao-na-hora-de-abastecer-veja-video.ghtml"", 0.195], [""http://gshow.globo.com/novelas/amor-perfeito/vem-por-ai/noticia/amor-perfeito-orlando-descobre-pista-crucial-sobre-leonel-rubiao.ghtml"", 0.1912]]"
http://gshow.globo.com/moda-e-beleza/noticia/lingerie-no-dia-a-dia-aprenda-a-montar-cinco-looks-com-pecas-do-seu-guarda-roupa-intimo.ghtml,"[[""http://gshow.globo.com/moda-e-beleza/noticia/ronda-de-looks-veja-as-producoes-que-as-famosas-usaram-durante-os-eventos-da-semana.ghtml"", 0.5721], [""http://gshow.globo.com/tudo-mais/tv-e-famosos/noticia/dia-dos-solteiros-veja-17-famosos-cobicados-que-nao-namoram.ghtml"", 0.2798], [""http://gshow.globo.com/tudo-mais/tv-e-famosos/noticia/de-kim-kardashian-a-paris-hilton-veja-famosos-que-tiveram-filhos-por-meio-de-barriga-de-aluguel.ghtml"", 0.2663], [""http://gshow.globo.com/tudo-mais/tv-e-famosos/noticia/aline-wirley-faz-topless-no-quintal-de-casa.ghtml"", 0.2555], [""http://gshow.globo.com/tudo-mais/tv-e-famosos/noticia/maira-cardi-zilu-camargo-e-mais-veja-famosos-que-viraram-coach.ghtml"", 0.2467], [""http://gshow.globo.com/tudo-mais/tv-e-famosos/noticia/belle-silva-se-pronuncia-sobre-rumores-de-thiago-participar-em-programa-de-emagrecimento.ghtml"", 0.21], [""http://gshow.globo.com/tudo-mais/pop/noticia/campo-nao-so-de-morangos-veja-artistas-que-como-luisa-sonza-usaram-frutas-em-seus-hits.ghtml"", 0.2088], [""http://gshow.globo.com/moda-e-beleza/noticia/isis-valverde-brilha-com-calca-de-r10-mil-em-premiere-de-angela-veja-detalhes-do-look.ghtml"", 0.2067], [""http://gshow.globo.com/tudo-mais/tv-e-famosos/noticia/leo-santana-usa-jaqueta-grifada-de-mais-de-r-27-mil-para-show-em-portugal.ghtml"", 0.2003], [""http://gshow.globo.com/tudo-mais/tv-e-famosos/noticia/claudia-ohana-faz-book-com-roupa-estilosa-e-seguidores-elogiam-deusa-suprema.ghtml"", 0.1759]]"
http://gshow.globo.com/moda-e-beleza/noticia/isis-valverde-brilha-com-calca-de-r10-mil-em-premiere-de-angela-veja-detalhes-do-look.ghtml,"[[""http://gshow.globo.com/moda-e-beleza/noticia/ronda-de-looks-veja-as-producoes-que-as-famosas-usaram-durante-os-eventos-da-semana.ghtml"", 0.3585], [""http://gshow.globo.com/tudo-mais/tv-e-famosos/noticia/leo-santana-usa-jaqueta-grifada-de-mais-de-r-27-mil-para-show-em-portugal.ghtml"", 0.3236], [""http://gshow.globo.com/tudo-mais/tv-e-famosos/noticia/claudia-ohana-faz-book-com-roupa-estilosa-e-seguidores-elogiam-deusa-suprema.ghtml"", 0.2868], [""http://gshow.globo.com/tudo-mais/tv-e-famosos/noticia/maira-cardi-zilu-camargo-e-mais-veja-famosos-que-viraram-coach.ghtml"", 0.2308], [""http://gshow.globo.com/tudo-mais/tv-e-famosos/noticia/de-kim-kardashian-a-paris-hilton-veja-famosos-que-tiveram-filhos-por-meio-de-barriga-de-aluguel.ghtml"", 0.2194], [""http://gshow.globo.com/novelas/mundo-de-novela/noticia/forca-de-um-desejo-figurino-inspirado-em-imperatriz-e-personagem-revisitada-confira-outras-curiosidades.ghtml"", 0.2125], [""http://gshow.globo.com/moda-e-beleza/noticia/lingerie-no-dia-a-dia-aprenda-a-montar-cinco-looks-com-pecas-do-seu-guarda-roupa-intimo.ghtml"", 0.2067], [""http://gshow.globo.com/tudo-mais/viralizou/noticia/anitta-repreende-fa-que-estaria-cobrando-dinheiro-do-publico-na-hora-da-foto-veja-video.ghtml"", 0.1779], [""http://gshow.globo.com/tudo-mais/tv-e-famosos/noticia/pedro-novaes-filho-de-marcelo-novaes-impressiona-com-bracos-a-mostra-em-look.ghtml"", 0.1755], [""http://gshow.globo.com/tudo-mais/tv-e-famosos/noticia/elenco-de-terra-e-paixao-curte-noite-de-samba-ao-lado-de-viviane-araujo.ghtml"", 0.1603]]"
http://gshow.globo.com/tudo-mais/tv-e-famosos/noticia/felipe-neto-sai-em-defesa-de-luisa-sonza-apos-criticas-sobre-nova-musica.ghtml,"[[""http://gshow.globo.com/tudo-mais/tv-e-famosos/noticia/preta-gil-tem-estado-de-saude-atualizado.ghtml"", 0.3032], [""http://gshow.globo.com/tudo-mais/viralizou/noticia/influenciadora-se-defender-apos-ser-vista-com-sete-segurancas-fora-de-contexto.ghtml"", 0.2739], [""http://gshow.globo.com/tudo-mais/tv-e-famosos/noticia/ze-vaqueiro-confirma-retorno-aos-palcos-e-pede-oracoes-para-o-filho-internado.ghtml"", 0.2606], [""http://gshow.globo.com/tudo-mais/tv-e-famosos/noticia/zagallo-apresenta-melhora-clinica-em-hospital-diz-boletim-medico.ghtml"", 0.1925], [""http://gshow.globo.com/tudo-mais/tv-e-famosos/noticia/anitta-comenta-affair-com-simone-susinna-pra-sempre-e-muito-forte.ghtml"", 0.1853], [""http://gshow.globo.com/novelas/terra-e-paixao/noticia/irene-vibra-com-noticia-morte-de-agatha-em-terra-e-paixao.ghtml"", 0.1639], [""http://gshow.globo.com/novelas/terra-e-paixao/noticia/terra-e-paixao-debora-ozorio-detalha-estudo-sobre-abuso-sexual-para-viver-drama-de-petra.ghtml"", 0.1528], [""http://gshow.globo.com/tudo-mais/tv-e-famosos/noticia/sobrinha-de-preta-gil-flor-gil-posta-declaracao-apos-cirurgia-da-cantora-sua-forca-me-inspira.ghtml"", 0.1416], [""http://gshow.globo.com/tudo-mais/tv-e-famosos/noticia/maira-cardi-comenta-polemicas-e-desabafa-em-live.ghtml"", 0.1396], [""http://gshow.globo.com/tudo-mais/tv-e-famosos/noticia/mae-de-larissa-manoela-silvana-fala-sobre-o-rompimento-com-a-filha.ghtml"", 0.1358]]"
http://gshow.globo.com/realities/no-limite/2023/noticia/em-entrevista-exclusiva-eliminada-por-voto-aberto-fala-sobre-traicao-no-no-limite.ghtml,"[[""http://gshow.globo.com/realities/no-limite/2023/noticia/desespero-em-desempate-com-eliminacao-dupla-marcam-o-penultimo-episodio-do-no-limite-2023.ghtml"", 0.3447], [""http://gshow.globo.com/realities/no-limite/2023/noticia/pela-segunda-vez-no-limite-tem-campeao-que-veio-da-repescagem-relembre.ghtml"", 0.2345], [""http://gshow.globo.com/realities/no-limite/2023/noticia/carol-nakamura-perde-semifinal-deixa-o-no-limite-amazonia-e-se-emociona-frustrante.ghtml"", 0.2033], [""http://gshow.globo.com/realities/no-limite/2023/noticia/ultima-famosa-a-deixar-o-no-limite-carol-nakamura-conta-que-foi-julgada-tentaram-dizer-que-nao-preciso.ghtml"", 0.1779], [""http://gshow.globo.com/tudo-mais/tv-e-famosos/noticia/jornal-nacional-e-fantastico-sao-indicados-ao-emmy-internacional-de-jornalismo-2023.ghtml"", 0.1577], [""http://gshow.globo.com/tudo-mais/tv-e-famosos/noticia/deborah-secco-se-diverte-com-revelacao-intima-sobre-hugo-moura-exposto-em-rede-nacional.ghtml"", 0.1313], [""http://gshow.globo.com/tudo-mais/tv-e-famosos/noticia/lea-garcia-estava-feliz-com-o-reconhecimento-e-falou-sobre-viver-por-mais-90-anos-em-ultima-entrevista.ghtml"", 0.1258], [""http://gshow.globo.com/tudo-mais/tv-e-famosos/noticia/maira-cardi-mostra-novos-prints-sobre-treta-com-mulher-de-thiago-silva.ghtml"", 0.1209], [""http://gshow.globo.com/realities/no-limite/2023/noticia/paratleta-campeao-do-no-limite-2023-dede-revela-o-que-fara-com-o-premio-e-agradece-fernando-fernandes-idolo.ghtml"", 0.1097], [""http://gshow.globo.com/tudo-mais/tv-e-famosos/noticia/maira-cardi-comenta-polemicas-e-desabafa-em-live.ghtml"", 0.1066]]"
http://gshow.globo.com/novelas/amor-perfeito/noticia/orlando-almeida-comenta-casamento-de-orlando-e-gilda-em-amor-perfeito-e-derrocada-da-vila-esta-roda-vai-girar.ghtml,"[[""http://gshow.globo.com/novelas/amor-perfeito/vem-por-ai/noticia/amor-perfeito-julio-encontra-personagem-que-sera-peca-chave-em-virada-da-novela.ghtml"", 0.3422], [""http://gshow.globo.com/novelas/amor-perfeito/vem-por-ai/noticia/amor-perfeito-orlando-descobre-pista-crucial-sobre-leonel-rubiao.ghtml"", 0.2562], [""http://gshow.globo.com/realities/no-limite/2023/noticia/apos-no-limite-paulinho-vilhena-revela-vontade-de-retomar-seriado-de-sandy-e-junior-a-gente-ja-escreveu-algumas-coisas.ghtml"", 0.228], [""http://gshow.globo.com/novelas/terra-e-paixao/vem-por-ai/noticia/terra-e-paixao-luigi-e-anely-sao-presos.ghtml"", 0.2], [""http://gshow.globo.com/novelas/terra-e-paixao/noticia/gshow-em-terra-e-paixao-graca-e-jonatas-serao-flagrados-se-pegando.ghtml"", 0.1991], [""http://gshow.globo.com/tudo-mais/tv-e-famosos/noticia/hariany-confirma-romance-com-filho-de-leonardo-estamos-ficando-nos-curtindo-esta-leve.ghtml"", 0.1971], [""http://gshow.globo.com/tudo-mais/tv-e-famosos/noticia/anitta-comenta-affair-com-simone-susinna-pra-sempre-e-muito-forte.ghtml"", 0.1949], [""http://gshow.globo.com/tudo-mais/tv-e-famosos/noticia/mae-de-larissa-manoela-silvana-taques-diz-em-entrevista-nunca-quisemos-ficar-com-nada-dela.ghtml"", 0.1757], [""http://gshow.globo.com/novelas/terra-e-paixao/noticia/irene-vibra-com-noticia-morte-de-agatha-em-terra-e-paixao.ghtml"", 0.1602], [""http://gshow.globo.com/novelas/terra-e-paixao/vem-por-ai/noticia/terra-e-paixao-irene-da-tapa-na-cara-de-angelina-por-causa-de-agatha.ghtml"", 0.1564]]"
http://gshow.globo.com/tudo-mais/tv-e-famosos/noticia/fas-lotam-rede-social-de-hugo-moura-apos-comentario-de-deborah-secco-o-brasil-ficou-curioso.ghtml,"[[""http://gshow.globo.com/tudo-mais/tv-e-famosos/noticia/deborah-secco-se-diverte-com-revelacao-intima-sobre-hugo-moura-exposto-em-rede-nacional.ghtml"", 0.4846], [""http://gshow.globo.com/tudo-mais/tv-e-famosos/noticia/deborah-secco-revela-detalhe-da-anatomia-intima-de-hugo-moura-na-estreia-de-sobre-nos-dois.ghtml"", 0.4215], [""http://gshow.globo.com/tudo-mais/tv-e-famosos/noticia/sabrina-sato-e-marcelo-adnet-participam-do-lancamento-de-sobre-nos-dois.ghtml"", 0.2596], [""http://gshow.globo.com/tudo-mais/viralizou/noticia/anitta-repreende-fa-que-estaria-cobrando-dinheiro-do-publico-na-hora-da-foto-veja-video.ghtml"", 0.2192], [""http://gshow.globo.com/tudo-mais/viralizou/noticia/post-de-anuncio-de-neymar-no-ah-hilal-ultrapassa-as-2-milhoes-de-curtidas-em-1-hora.ghtml"", 0.2122], [""http://gshow.globo.com/tudo-mais/viralizou/noticia/larissa-manoela-ganhou-mais-de-2-milhoes-de-seguidores-apos-entrevista-sobre-o-rompimento-com-os-pais.ghtml"", 0.1997], [""http://gshow.globo.com/tudo-mais/tv-e-famosos/noticia/claudia-ohana-faz-book-com-roupa-estilosa-e-seguidores-elogiam-deusa-suprema.ghtml"", 0.1942], [""http://gshow.globo.com/novelas/fuzue/noticia/fuzue-memes-sobre-a-trama-ganham-redes-sociais-na-primeira-semana.ghtml"", 0.1905], [""http://gshow.globo.com/realities/no-limite/2023/noticia/apos-no-limite-paulinho-vilhena-revela-vontade-de-retomar-seriado-de-sandy-e-junior-a-gente-ja-escreveu-algumas-coisas.ghtml"", 0.1892], [""http://gshow.globo.com/tudo-mais/pop/noticia/laura-cardoso-recebe-abraco-apertado-de-ingrid-guimaraes-no-festival-de-gramado.ghtml"", 0.1868]]"
http://gshow.globo.com/tudo-mais/tv-e-famosos/noticia/de-kim-kardashian-a-paris-hilton-veja-famosos-que-tiveram-filhos-por-meio-de-barriga-de-aluguel.ghtml,"[[""http://gshow.globo.com/tudo-mais/tv-e-famosos/noticia/maira-cardi-zilu-camargo-e-mais-veja-famosos-que-viraram-coach.ghtml"", 0.4224], [""http://gshow.globo.com/moda-e-beleza/noticia/ronda-de-looks-veja-as-producoes-que-as-famosas-usaram-durante-os-eventos-da-semana.ghtml"", 0.3112], [""http://gshow.globo.com/tudo-mais/tv-e-famosos/noticia/dia-dos-solteiros-veja-17-famosos-cobicados-que-nao-namoram.ghtml"", 0.2992], [""http://gshow.globo.com/moda-e-beleza/noticia/lingerie-no-dia-a-dia-aprenda-a-montar-cinco-looks-com-pecas-do-seu-guarda-roupa-intimo.ghtml"", 0.2663], [""http://gshow.globo.com/tudo-mais/pop/noticia/campo-nao-so-de-morangos-veja-artistas-que-como-luisa-sonza-usaram-frutas-em-seus-hits.ghtml"", 0.2239], [""http://gshow.globo.com/moda-e-beleza/noticia/isis-valverde-brilha-com-calca-de-r10-mil-em-premiere-de-angela-veja-detalhes-do-look.ghtml"", 0.2194], [""http://gshow.globo.com/tudo-mais/tv-e-famosos/noticia/veja-atores-que-sao-irmaos-na-vida-real-e-tambem-na-ficcao.ghtml"", 0.1846], [""http://gshow.globo.com/tudo-mais/tv-e-famosos/noticia/em-meio-a-polemica-de-pais-gananciosos-sandy-diz-que-xororo-sempre-a-incluiu-em-decisoes.ghtml"", 0.1819], [""http://gshow.globo.com/tudo-mais/tv-e-famosos/noticia/maira-cardi-rebate-critica-de-daniel-cady.ghtml"", 0.1775], [""http://gshow.globo.com/tudo-mais/tv-e-famosos/noticia/pedro-novaes-filho-de-marcelo-novaes-impressiona-com-bracos-a-mostra-em-look.ghtml"", 0.1747]]"
http://gshow.globo.com/tudo-mais/tv-e-famosos/noticia/preta-gil-tem-estado-de-saude-atualizado.ghtml,"[[""http://gshow.globo.com/tudo-mais/tv-e-famosos/noticia/preta-gil-se-recupera-bem-de-cirurgia-de-retirada-de-cancer-no-intestino-diz-equipe-medica-acordada-em-bom-estado-geral.ghtml"", 0.4025], [""http://gshow.globo.com/tudo-mais/tv-e-famosos/noticia/sobrinha-de-preta-gil-flor-gil-posta-declaracao-apos-cirurgia-da-cantora-sua-forca-me-inspira.ghtml"", 0.3894], [""http://gshow.globo.com/tudo-mais/tv-e-famosos/noticia/zagallo-apresenta-melhora-clinica-em-hospital-diz-boletim-medico.ghtml"", 0.3514], [""http://gshow.globo.com/tudo-mais/tv-e-famosos/noticia/preta-gil-ja-esta-em-pe-fazendo-fisioterapia-diz-gominho.ghtml"", 0.3286], [""http://gshow.globo.com/ep/loreal-paris/noticia/em-nova-fase-carla-diaz-mantem-rotina-de-cuidados.ghtml"", 0.319], [""http://gshow.globo.com/tudo-mais/tv-e-famosos/noticia/felipe-neto-sai-em-defesa-de-luisa-sonza-apos-criticas-sobre-nova-musica.ghtml"", 0.3032], [""http://gshow.globo.com/tudo-mais/tv-e-famosos/noticia/ze-vaqueiro-confirma-retorno-aos-palcos-e-pede-oracoes-para-o-filho-internado.ghtml"", 0.2909], [""http://gshow.globo.com/tudo-mais/tv-e-famosos/noticia/zagallo-segue-internado-em-hospital-da-barra.ghtml"", 0.2908], [""http://gshow.globo.com/tudo-mais/tv-e-famosos/noticia/preta-gil-passa-bem-apos-cirurgia-para-retirada-do-cancer-no-intestino.ghtml"", 0.2056], [""http://gshow.globo.com/tudo-mais/tv-e-famosos/noticia/mae-de-larissa-manoela-silvana-fala-sobre-o-rompimento-com-a-filha.ghtml"", 0.1315]]"
http://gshow.globo.com/novelas/fuzue/vem-por-ai/noticia/fuzue-preciosa-ameaca-com-faca-e-atacada-por-gansos-e-desmaia.ghtml,"[[""http://gshow.globo.com/novelas/fuzue/vem-por-ai/noticia/fuzue-luna-e-surpreendida-por-preciosa-com-uma-faca-no-meio-da-mata.ghtml"", 0.5902], [""http://gshow.globo.com/novelas/fuzue/vem-por-ai/noticia/fuzue-luna-salva-a-vida-do-filho-de-preciosa.ghtml"", 0.3749], [""http://gshow.globo.com/novelas/terra-e-paixao/vem-por-ai/noticia/terra-e-paixao-luigi-e-anely-sao-presos.ghtml"", 0.2774], [""http://gshow.globo.com/novelas/terra-e-paixao/vem-por-ai/noticia/terra-e-paixao-irene-da-tapa-na-cara-de-angelina-por-causa-de-agatha.ghtml"", 0.2479], [""http://gshow.globo.com/tudo-mais/tv-e-famosos/noticia/sobrevivente-de-tragedia-com-torcedores-do-corinthians-revela-tensao-em-onibus-gritaria-e-muita-poeira.ghtml"", 0.2304], [""http://gshow.globo.com/novelas/terra-e-paixao/vem-por-ai/noticia/terra-e-paixao-luigi-e-anely-encontram-tesouro-em-barras-de-ouro.ghtml"", 0.2237], [""http://gshow.globo.com/tudo-mais/viralizou/noticia/influenciadora-se-defender-apos-ser-vista-com-sete-segurancas-fora-de-contexto.ghtml"", 0.2004], [""http://gshow.globo.com/novelas/fuzue/vem-por-ai/noticia/fuzue-luna-descobre-pista-importante-sobre-o-passado-de-sua-mae-em-paraty.ghtml"", 0.1892], [""http://gshow.globo.com/novelas/terra-e-paixao/vem-por-ai/noticia/terra-e-paixao-agatha-revela-por-que-forjou-a-propria-morte.ghtml"", 0.1662], [""http://gshow.globo.com/tudo-mais/tv-e-famosos/noticia/cezar-black-troca-beijos-com-morena-em-festival-de-musica-em-sao-paulo.ghtml"", 0.1564]]"
http://gshow.globo.com/novelas/terra-e-paixao/vem-por-ai/noticia/terra-e-paixao-luigi-e-anely-sao-presos.ghtml,"[[""http://gshow.globo.com/novelas/terra-e-paixao/vem-por-ai/noticia/terra-e-paixao-luigi-e-anely-encontram-tesouro-em-barras-de-ouro.ghtml"", 0.8009], [""http://gshow.globo.com/novelas/terra-e-paixao/vem-por-ai/noticia/terra-e-paixao-irene-da-tapa-na-cara-de-angelina-por-causa-de-agatha.ghtml"", 0.4521], [""http://gshow.globo.com/novelas/amor-perfeito/vem-por-ai/noticia/amor-perfeito-orlando-descobre-pista-crucial-sobre-leonel-rubiao.ghtml"", 0.3564], [""http://gshow.globo.com/novelas/terra-e-paixao/vem-por-ai/noticia/terra-e-paixao-agatha-revela-por-que-forjou-a-propria-morte.ghtml"", 0.3018], [""http://gshow.globo.com/novelas/fuzue/vem-por-ai/noticia/fuzue-luna-salva-a-vida-do-filho-de-preciosa.ghtml"", 0.2788], [""http://gshow.globo.com/novelas/fuzue/vem-por-ai/noticia/fuzue-preciosa-ameaca-com-faca-e-atacada-por-gansos-e-desmaia.ghtml"", 0.2774], [""http://gshow.globo.com/novelas/fuzue/vem-por-ai/noticia/fuzue-luna-e-surpreendida-por-preciosa-com-uma-faca-no-meio-da-mata.ghtml"", 0.2703], [""http://gshow.globo.com/novelas/amor-perfeito/vem-por-ai/noticia/amor-perfeito-jesus-resgata-frei-joao-da-morte-entenda-como-sera-a-cena.ghtml"", 0.2353], [""http://gshow.globo.com/novelas/terra-e-paixao/noticia/gshow-em-terra-e-paixao-graca-e-jonatas-serao-flagrados-se-pegando.ghtml"", 0.2343], [""http://gshow.globo.com/novelas/terra-e-paixao/noticia/terra-e-paixao-debora-ozorio-detalha-estudo-sobre-abuso-sexual-para-viver-drama-de-petra.ghtml"", 0.2289]]"
http://gshow.globo.com/tudo-mais/tv-e-famosos/noticia/aline-wirley-faz-topless-no-quintal-de-casa.ghtml,"[[""http://gshow.globo.com/tudo-mais/tv-e-famosos/noticia/larissa-manoela-tem-dia-de-malhacao-com-o-noivo-andre-luiz-frambach.ghtml"", 0.2644], [""http://gshow.globo.com/moda-e-beleza/noticia/lingerie-no-dia-a-dia-aprenda-a-montar-cinco-looks-com-pecas-do-seu-guarda-roupa-intimo.ghtml"", 0.2555], [""http://gshow.globo.com/tudo-mais/tv-e-famosos/noticia/lexa-pega-carona-no-jatinho-de-anitta.ghtml"", 0.2464], [""http://gshow.globo.com/tudo-mais/tv-e-famosos/noticia/claudia-ohana-faz-book-com-roupa-estilosa-e-seguidores-elogiam-deusa-suprema.ghtml"", 0.2345], [""http://gshow.globo.com/tudo-mais/tv-e-famosos/noticia/sheron-menezzes-enaltece-relacionamento-de-12-anos-com-marido-ele-me-completa.ghtml"", 0.186], [""http://gshow.globo.com/ep/loreal-paris/noticia/em-nova-fase-carla-diaz-mantem-rotina-de-cuidados.ghtml"", 0.1842], [""http://gshow.globo.com/tudo-mais/tv-e-famosos/noticia/deborah-secco-se-diverte-com-revelacao-intima-sobre-hugo-moura-exposto-em-rede-nacional.ghtml"", 0.1762], [""http://gshow.globo.com/tudo-mais/tv-e-famosos/noticia/hariany-confirma-romance-com-filho-de-leonardo-estamos-ficando-nos-curtindo-esta-leve.ghtml"", 0.153], [""http://gshow.globo.com/tudo-mais/tv-e-famosos/noticia/leo-santana-usa-jaqueta-grifada-de-mais-de-r-27-mil-para-show-em-portugal.ghtml"", 0.1528], [""http://gshow.globo.com/tudo-mais/tv-e-famosos/noticia/jojo-todynho-explica-decisao-de-fazer-bariatrica-e-diz-eu-nunca-romantizei-a-obesidade.ghtml"", 0.1368]]"
http://gshow.globo.com/tudo-mais/tv-e-famosos/noticia/bruce-springsteen-adia-datas-da-turne-por-conta-de-doenca-nao-revelada.ghtml,"[[""http://gshow.globo.com/tudo-mais/the-town/noticia/foo-figthers-no-the-town-banda-retorna-para-se-apresentar-no-mesmo-local-de-show-cancelado.ghtml"", 0.4326], [""http://gshow.globo.com/tudo-mais/tv-e-famosos/noticia/preta-gil-passa-bem-apos-cirurgia-para-retirada-do-cancer-no-intestino.ghtml"", 0.2459], [""http://gshow.globo.com/tudo-mais/tv-e-famosos/noticia/segundo-filho-de-rihanna-e-aap-rocky-nasceu-no-inicio-do-mes-revela-site.ghtml"", 0.1932], [""http://gshow.globo.com/tudo-mais/tv-e-famosos/noticia/ze-vaqueiro-confirma-retorno-aos-palcos-e-pede-oracoes-para-o-filho-internado.ghtml"", 0.1899], [""http://gshow.globo.com/tudo-mais/tv-e-famosos/noticia/leo-santana-usa-jaqueta-grifada-de-mais-de-r-27-mil-para-show-em-portugal.ghtml"", 0.182], [""http://gshow.globo.com/tudo-mais/tv-e-famosos/noticia/de-kim-kardashian-a-paris-hilton-veja-famosos-que-tiveram-filhos-por-meio-de-barriga-de-aluguel.ghtml"", 0.1681], [""http://gshow.globo.com/tudo-mais/pop/noticia/dublador-de-mario-se-aposenta-de-personagem-apos-mais-de-30-anos.ghtml"", 0.1217], [""http://gshow.globo.com/tudo-mais/tv-e-famosos/noticia/zagallo-apresenta-melhora-clinica-em-hospital-diz-boletim-medico.ghtml"", 0.112], [""http://gshow.globo.com/tudo-mais/viralizou/noticia/anitta-repreende-fa-que-estaria-cobrando-dinheiro-do-publico-na-hora-da-foto-veja-video.ghtml"", 0.1111], [""http://gshow.globo.com/tudo-mais/tv-e-famosos/noticia/preta-gil-se-recupera-bem-de-cirurgia-de-retirada-de-cancer-no-intestino-diz-equipe-medica-acordada-em-bom-estado-geral.ghtml"", 0.1061]]"
http://gshow.globo.com/tudo-mais/viralizou/noticia/influenciadora-se-defender-apos-ser-vista-com-sete-segurancas-fora-de-contexto.ghtml,"[[""http://gshow.globo.com/tudo-mais/tv-e-famosos/noticia/felipe-neto-sai-em-defesa-de-luisa-sonza-apos-criticas-sobre-nova-musica.ghtml"", 0.2739], [""http://gshow.globo.com/tudo-mais/tv-e-famosos/noticia/mae-de-larissa-manoela-silvana-fala-sobre-o-rompimento-com-a-filha.ghtml"", 0.2015], [""http://gshow.globo.com/novelas/fuzue/vem-por-ai/noticia/fuzue-preciosa-ameaca-com-faca-e-atacada-por-gansos-e-desmaia.ghtml"", 0.2004], [""http://gshow.globo.com/tudo-mais/tv-e-famosos/noticia/sobrevivente-de-tragedia-com-torcedores-do-corinthians-revela-tensao-em-onibus-gritaria-e-muita-poeira.ghtml"", 0.1961], [""http://gshow.globo.com/tudo-mais/tv-e-famosos/noticia/mileide-mihaile-mostra-look-para-show-de-beyonce-em-miami-e-realiza-sonho-como-fa.ghtml"", 0.1791], [""http://gshow.globo.com/tudo-mais/viralizou/noticia/anitta-repreende-fa-que-estaria-cobrando-dinheiro-do-publico-na-hora-da-foto-veja-video.ghtml"", 0.1657], [""http://gshow.globo.com/tudo-mais/viralizou/noticia/larissa-manoela-ganhou-mais-de-2-milhoes-de-seguidores-apos-entrevista-sobre-o-rompimento-com-os-pais.ghtml"", 0.1545], [""http://gshow.globo.com/tudo-mais/tv-e-famosos/noticia/publico-compara-filha-com-personagem-de-gabriela-duarte-em-foto-publicada-pela-atriz.ghtml"", 0.1508], [""http://gshow.globo.com/tudo-mais/tv-e-famosos/noticia/fas-lotam-rede-social-de-hugo-moura-apos-comentario-de-deborah-secco-o-brasil-ficou-curioso.ghtml"", 0.1438], [""http://gshow.globo.com/tudo-mais/tv-e-famosos/noticia/maira-cardi-comenta-polemicas-e-desabafa-em-live.ghtml"", 0.1286]]"
http://gshow.globo.com/tudo-mais/tv-e-famosos/noticia/familia-de-neymar-celebra-anuncio-do-jogador-no-al-hilal-estamos-juntos.ghtml,"[[""http://gshow.globo.com/tudo-mais/tv-e-famosos/noticia/bruna-biancardi-deseja-sorte-a-neymar-em-apresentacao-do-jogador-no-al-hilal.ghtml"", 0.5733], [""http://gshow.globo.com/tudo-mais/viralizou/noticia/post-de-anuncio-de-neymar-no-ah-hilal-ultrapassa-as-2-milhoes-de-curtidas-em-1-hora.ghtml"", 0.3573], [""http://gshow.globo.com/tudo-mais/tv-e-famosos/noticia/filho-de-neymar-davi-lucca-impressiona-com-ingles-fluente-durante-entrevista.ghtml"", 0.2901], [""http://gshow.globo.com/tudo-mais/tv-e-famosos/noticia/hariany-confirma-romance-com-filho-de-leonardo-estamos-ficando-nos-curtindo-esta-leve.ghtml"", 0.2668], [""http://gshow.globo.com/tudo-mais/tv-e-famosos/noticia/nasce-filha-de-bruno-do-klb-em-sao-paulo.ghtml"", 0.1989], [""http://gshow.globo.com/tudo-mais/tv-e-famosos/noticia/lexa-pega-carona-no-jatinho-de-anitta.ghtml"", 0.173], [""http://gshow.globo.com/tudo-mais/tv-e-famosos/noticia/segundo-filho-de-rihanna-e-aap-rocky-nasceu-no-inicio-do-mes-revela-site.ghtml"", 0.173], [""http://gshow.globo.com/tudo-mais/tv-e-famosos/noticia/sobrevivente-de-tragedia-com-torcedores-do-corinthians-revela-tensao-em-onibus-gritaria-e-muita-poeira.ghtml"", 0.1656], [""http://gshow.globo.com/realities/no-limite/2023/noticia/paratleta-campeao-do-no-limite-2023-dede-revela-o-que-fara-com-o-premio-e-agradece-fernando-fernandes-idolo.ghtml"", 0.1075], [""http://gshow.globo.com/tudo-mais/tv-e-famosos/noticia/sheron-menezzes-enaltece-relacionamento-de-12-anos-com-marido-ele-me-completa.ghtml"", 0.0954]]"
http://gshow.globo.com/tudo-mais/tv-e-famosos/noticia/leo-santana-usa-jaqueta-grifada-de-mais-de-r-27-mil-para-show-em-portugal.ghtml,"[[""http://gshow.globo.com/moda-e-beleza/noticia/isis-valverde-brilha-com-calca-de-r10-mil-em-premiere-de-angela-veja-detalhes-do-look.ghtml"", 0.3236], [""http://gshow.globo.com/tudo-mais/tv-e-famosos/noticia/mileide-mihaile-mostra-look-para-show-de-beyonce-em-miami-e-realiza-sonho-como-fa.ghtml"", 0.2419], [""http://gshow.globo.com/moda-e-beleza/noticia/lingerie-no-dia-a-dia-aprenda-a-montar-cinco-looks-com-pecas-do-seu-guarda-roupa-intimo.ghtml"", 0.2003], [""http://gshow.globo.com/tudo-mais/tv-e-famosos/noticia/cezar-black-troca-beijos-com-morena-em-festival-de-musica-em-sao-paulo.ghtml"", 0.1974], [""http://gshow.globo.com/tudo-mais/viralizou/noticia/post-de-anuncio-de-neymar-no-ah-hilal-ultrapassa-as-2-milhoes-de-curtidas-em-1-hora.ghtml"", 0.1879], [""http://gshow.globo.com/tudo-mais/tv-e-famosos/noticia/bruce-springsteen-adia-datas-da-turne-por-conta-de-doenca-nao-revelada.ghtml"", 0.182], [""http://gshow.globo.com/tudo-mais/tv-e-famosos/noticia/lexa-pega-carona-no-jatinho-de-anitta.ghtml"", 0.1736], [""http://gshow.globo.com/tudo-mais/tv-e-famosos/noticia/de-kim-kardashian-a-paris-hilton-veja-famosos-que-tiveram-filhos-por-meio-de-barriga-de-aluguel.ghtml"", 0.1635], [""http://gshow.globo.com/tudo-mais/tv-e-famosos/noticia/aline-wirley-faz-topless-no-quintal-de-casa.ghtml"", 0.1528], [""http://gshow.globo.com/tudo-mais/viralizou/noticia/anitta-repreende-fa-que-estaria-cobrando-dinheiro-do-publico-na-hora-da-foto-veja-video.ghtml"", 0.1467]]"
http://gshow.globo.com/tudo-mais/tv-e-famosos/noticia/jojo-todynho-explica-decisao-de-fazer-bariatrica-e-diz-eu-nunca-romantizei-a-obesidade.ghtml,"[[""http://gshow.globo.com/tudo-mais/tv-e-famosos/noticia/luccas-neto-surpreende-fa-em-tratamento-contra-o-cancer-acredite-nos-seus-sonhos.ghtml"", 0.2579], [""http://gshow.globo.com/tudo-mais/tv-e-famosos/noticia/belle-silva-se-pronuncia-sobre-rumores-de-thiago-participar-em-programa-de-emagrecimento.ghtml"", 0.2116], [""http://gshow.globo.com/realities/no-limite/2023/noticia/paratleta-campeao-do-no-limite-2023-dede-revela-o-que-fara-com-o-premio-e-agradece-fernando-fernandes-idolo.ghtml"", 0.2102], [""http://gshow.globo.com/tudo-mais/tv-e-famosos/noticia/preta-gil-se-recupera-bem-de-cirurgia-de-retirada-de-cancer-no-intestino-diz-equipe-medica-acordada-em-bom-estado-geral.ghtml"", 0.1878], [""http://gshow.globo.com/tudo-mais/tv-e-famosos/noticia/preta-gil-ja-esta-em-pe-fazendo-fisioterapia-diz-gominho.ghtml"", 0.1752], [""http://gshow.globo.com/tudo-mais/tv-e-famosos/noticia/maira-cardi-mostra-novos-prints-sobre-treta-com-mulher-de-thiago-silva.ghtml"", 0.1713], [""http://gshow.globo.com/tudo-mais/tv-e-famosos/noticia/lea-garcia-estava-feliz-com-o-reconhecimento-e-falou-sobre-viver-por-mais-90-anos-em-ultima-entrevista.ghtml"", 0.1598], [""http://gshow.globo.com/tudo-mais/tv-e-famosos/noticia/sheron-menezzes-enaltece-relacionamento-de-12-anos-com-marido-ele-me-completa.ghtml"", 0.1576], [""http://gshow.globo.com/novelas/terra-e-paixao/vem-por-ai/noticia/terra-e-paixao-agatha-revela-por-que-forjou-a-propria-morte.ghtml"", 0.1542], [""http://gshow.globo.com/tudo-mais/tv-e-famosos/noticia/alice-wegmann-fala-sobre-abuso-sofrido-as-feridas-tao-muito-abertas-ainda.ghtml"", 0.1465]]"
http://gshow.globo.com/tudo-mais/tv-e-famosos/noticia/lexa-pega-carona-no-jatinho-de-anitta.ghtml,"[[""http://gshow.globo.com/tudo-mais/viralizou/noticia/anitta-repreende-fa-que-estaria-cobrando-dinheiro-do-publico-na-hora-da-foto-veja-video.ghtml"", 0.2673], [""http://gshow.globo.com/tudo-mais/tv-e-famosos/noticia/sobrinha-de-preta-gil-flor-gil-posta-declaracao-apos-cirurgia-da-cantora-sua-forca-me-inspira.ghtml"", 0.2528], [""http://gshow.globo.com/tudo-mais/tv-e-famosos/noticia/aline-wirley-faz-topless-no-quintal-de-casa.ghtml"", 0.2464], [""http://gshow.globo.com/tudo-mais/tv-e-famosos/noticia/hariany-confirma-romance-com-filho-de-leonardo-estamos-ficando-nos-curtindo-esta-leve.ghtml"", 0.2342], [""http://gshow.globo.com/tudo-mais/tv-e-famosos/noticia/cezar-black-troca-beijos-com-morena-em-festival-de-musica-em-sao-paulo.ghtml"", 0.2341], [""http://gshow.globo.com/tudo-mais/tv-e-famosos/noticia/claudia-ohana-faz-book-com-roupa-estilosa-e-seguidores-elogiam-deusa-suprema.ghtml"", 0.2118], [""http://gshow.globo.com/tudo-mais/tv-e-famosos/noticia/mileide-mihaile-mostra-look-para-show-de-beyonce-em-miami-e-realiza-sonho-como-fa.ghtml"", 0.21], [""http://gshow.globo.com/tudo-mais/tv-e-famosos/noticia/leo-santana-usa-jaqueta-grifada-de-mais-de-r-27-mil-para-show-em-portugal.ghtml"", 0.1736], [""http://gshow.globo.com/tudo-mais/tv-e-famosos/noticia/familia-de-neymar-celebra-anuncio-do-jogador-no-al-hilal-estamos-juntos.ghtml"", 0.173], [""http://gshow.globo.com/tudo-mais/tv-e-famosos/noticia/karoline-lima-mostra-filha-com-eder-militao-falando-papai-no-dia-em-que-jogador-passa-por-cirurgia-no-joelho.ghtml"", 0.1629]]"
http://gshow.globo.com/moda-e-beleza/noticia/ronda-de-looks-veja-as-producoes-que-as-famosas-usaram-durante-os-eventos-da-semana.ghtml,"[[""http://gshow.globo.com/moda-e-beleza/noticia/lingerie-no-dia-a-dia-aprenda-a-montar-cinco-looks-com-pecas-do-seu-guarda-roupa-intimo.ghtml"", 0.5721], [""http://gshow.globo.com/tudo-mais/tv-e-famosos/noticia/dia-dos-solteiros-veja-17-famosos-cobicados-que-nao-namoram.ghtml"", 0.4046], [""http://gshow.globo.com/tudo-mais/pop/noticia/campo-nao-so-de-morangos-veja-artistas-que-como-luisa-sonza-usaram-frutas-em-seus-hits.ghtml"", 0.3877], [""http://gshow.globo.com/tudo-mais/tv-e-famosos/noticia/maira-cardi-zilu-camargo-e-mais-veja-famosos-que-viraram-coach.ghtml"", 0.3643], [""http://gshow.globo.com/moda-e-beleza/noticia/isis-valverde-brilha-com-calca-de-r10-mil-em-premiere-de-angela-veja-detalhes-do-look.ghtml"", 0.3585], [""http://gshow.globo.com/tudo-mais/tv-e-famosos/noticia/de-kim-kardashian-a-paris-hilton-veja-famosos-que-tiveram-filhos-por-meio-de-barriga-de-aluguel.ghtml"", 0.3112], [""http://gshow.globo.com/novelas/fuzue/resumo/20230828-a-20230903-4027771c62194aa1bc631806fe20aeef.ghtml"", 0.2659], [""http://gshow.globo.com/tudo-mais/tv-e-famosos/noticia/claudia-ohana-faz-book-com-roupa-estilosa-e-seguidores-elogiam-deusa-suprema.ghtml"", 0.2433], [""http://gshow.globo.com/novelas/terra-e-paixao/resumo/20230828-a-20230903-12ed7334d52a4a768c78c458465631ab.ghtml"", 0.2427], [""http://gshow.globo.com/tudo-mais/tv-e-famosos/noticia/veja-atores-que-sao-irmaos-na-vida-real-e-tambem-na-ficcao.ghtml"", 0.2346]]"
http://gshow.globo.com/tudo-mais/tv-e-famosos/noticia/ze-vaqueiro-confirma-retorno-aos-palcos-e-pede-oracoes-para-o-filho-internado.ghtml,"[[""http://gshow.globo.com/tudo-mais/tv-e-famosos/noticia/zagallo-segue-internado-em-hospital-da-barra.ghtml"", 0.394], [""http://gshow.globo.com/tudo-mais/tv-e-famosos/noticia/preta-gil-passa-bem-apos-cirurgia-para-retirada-do-cancer-no-intestino.ghtml"", 0.3251], [""http://gshow.globo.com/tudo-mais/tv-e-famosos/noticia/preta-gil-tem-estado-de-saude-atualizado.ghtml"", 0.2909], [""http://gshow.globo.com/tudo-mais/tv-e-famosos/noticia/zagallo-apresenta-melhora-clinica-em-hospital-diz-boletim-medico.ghtml"", 0.2761], [""http://gshow.globo.com/tudo-mais/tv-e-famosos/noticia/preta-gil-ja-esta-em-pe-fazendo-fisioterapia-diz-gominho.ghtml"", 0.2711], [""http://gshow.globo.com/tudo-mais/tv-e-famosos/noticia/felipe-neto-sai-em-defesa-de-luisa-sonza-apos-criticas-sobre-nova-musica.ghtml"", 0.2606], [""http://gshow.globo.com/tudo-mais/the-town/noticia/foo-figthers-no-the-town-banda-retorna-para-se-apresentar-no-mesmo-local-de-show-cancelado.ghtml"", 0.2558], [""http://gshow.globo.com/tudo-mais/tv-e-famosos/noticia/preta-gil-se-recupera-bem-de-cirurgia-de-retirada-de-cancer-no-intestino-diz-equipe-medica-acordada-em-bom-estado-geral.ghtml"", 0.2548], [""http://gshow.globo.com/tudo-mais/tv-e-famosos/noticia/luccas-neto-surpreende-fa-em-tratamento-contra-o-cancer-acredite-nos-seus-sonhos.ghtml"", 0.2144], [""http://gshow.globo.com/tudo-mais/tv-e-famosos/noticia/bruce-springsteen-adia-datas-da-turne-por-conta-de-doenca-nao-revelada.ghtml"", 0.1899]]"
http://gshow.globo.com/tudo-mais/tv-e-famosos/noticia/belle-silva-se-pronuncia-sobre-rumores-de-thiago-participar-em-programa-de-emagrecimento.ghtml,"[[""http://gshow.globo.com/tudo-mais/tv-e-famosos/noticia/maira-cardi-rebate-critica-de-daniel-cady.ghtml"", 0.372], [""http://gshow.globo.com/tudo-mais/tv-e-famosos/noticia/maira-cardi-zilu-camargo-e-mais-veja-famosos-que-viraram-coach.ghtml"", 0.347], [""http://gshow.globo.com/tudo-mais/tv-e-famosos/noticia/maira-cardi-mostra-novos-prints-sobre-treta-com-mulher-de-thiago-silva.ghtml"", 0.2163], [""http://gshow.globo.com/tudo-mais/tv-e-famosos/noticia/jojo-todynho-explica-decisao-de-fazer-bariatrica-e-diz-eu-nunca-romantizei-a-obesidade.ghtml"", 0.2116], [""http://gshow.globo.com/moda-e-beleza/noticia/lingerie-no-dia-a-dia-aprenda-a-montar-cinco-looks-com-pecas-do-seu-guarda-roupa-intimo.ghtml"", 0.21], [""http://gshow.globo.com/tudo-mais/tv-e-famosos/noticia/de-kim-kardashian-a-paris-hilton-veja-famosos-que-tiveram-filhos-por-meio-de-barriga-de-aluguel.ghtml"", 0.1706], [""http://gshow.globo.com/tudo-mais/tv-e-famosos/noticia/gil-do-vigor-tem-carro-enguicado-ao-fazer-confusao-na-hora-de-abastecer-veja-video.ghtml"", 0.1341], [""http://gshow.globo.com/moda-e-beleza/noticia/ronda-de-looks-veja-as-producoes-que-as-famosas-usaram-durante-os-eventos-da-semana.ghtml"", 0.1241], [""http://gshow.globo.com/tudo-mais/viralizou/noticia/anitta-repreende-fa-que-estaria-cobrando-dinheiro-do-publico-na-hora-da-foto-veja-video.ghtml"", 0.1114], [""http://gshow.globo.com/tudo-mais/tv-e-famosos/noticia/maira-cardi-comenta-polemicas-e-desabafa-em-live.ghtml"", 0.1003]]"
http://gshow.globo.com/tudo-mais/tv-e-famosos/noticia/preta-gil-passa-bem-apos-cirurgia-para-retirada-do-cancer-no-intestino.ghtml,"[[""http://gshow.globo.com/tudo-mais/tv-e-famosos/noticia/preta-gil-se-recupera-bem-de-cirurgia-de-retirada-de-cancer-no-intestino-diz-equipe-medica-acordada-em-bom-estado-geral.ghtml"", 0.3654], [""http://gshow.globo.com/tudo-mais/tv-e-famosos/noticia/ze-vaqueiro-confirma-retorno-aos-palcos-e-pede-oracoes-para-o-filho-internado.ghtml"", 0.3251], [""http://gshow.globo.com/tudo-mais/tv-e-famosos/noticia/zagallo-segue-internado-em-hospital-da-barra.ghtml"", 0.2952], [""http://gshow.globo.com/tudo-mais/the-town/noticia/foo-figthers-no-the-town-banda-retorna-para-se-apresentar-no-mesmo-local-de-show-cancelado.ghtml"", 0.2518], [""http://gshow.globo.com/tudo-mais/tv-e-famosos/noticia/zagallo-apresenta-melhora-clinica-em-hospital-diz-boletim-medico.ghtml"", 0.2515], [""http://gshow.globo.com/tudo-mais/tv-e-famosos/noticia/bruce-springsteen-adia-datas-da-turne-por-conta-de-doenca-nao-revelada.ghtml"", 0.2459], [""http://gshow.globo.com/tudo-mais/tv-e-famosos/noticia/preta-gil-ja-esta-em-pe-fazendo-fisioterapia-diz-gominho.ghtml"", 0.2187], [""http://gshow.globo.com/tudo-mais/tv-e-famosos/noticia/luccas-neto-surpreende-fa-em-tratamento-contra-o-cancer-acredite-nos-seus-sonhos.ghtml"", 0.2184], [""http://gshow.globo.com/tudo-mais/tv-e-famosos/noticia/preta-gil-tem-estado-de-saude-atualizado.ghtml"", 0.2056], [""http://gshow.globo.com/tudo-mais/pop/noticia/dublador-de-mario-se-aposenta-de-personagem-apos-mais-de-30-anos.ghtml"", 0.1741]]"
http://gshow.globo.com/novelas/mundo-de-novela/noticia/forca-de-um-desejo-figurino-inspirado-em-imperatriz-e-personagem-revisitada-confira-outras-curiosidades.ghtml,"[[""http://gshow.globo.com/novelas/terra-e-paixao/vem-por-ai/noticia/terra-e-paixao-agatha-corre-risco-de-morte-em-vinganca-de-irene-veja-fotos-exclusivas.ghtml"", 0.2356], [""http://gshow.globo.com/novelas/amor-perfeito/vem-por-ai/noticia/amor-perfeito-jesus-resgata-frei-joao-da-morte-entenda-como-sera-a-cena.ghtml"", 0.2212], [""http://gshow.globo.com/moda-e-beleza/noticia/isis-valverde-brilha-com-calca-de-r10-mil-em-premiere-de-angela-veja-detalhes-do-look.ghtml"", 0.2125], [""http://gshow.globo.com/novelas/terra-e-paixao/resumo/20230828-a-20230903-12ed7334d52a4a768c78c458465631ab.ghtml"", 0.197], [""http://gshow.globo.com/novelas/terra-e-paixao/vem-por-ai/noticia/terra-e-paixao-luigi-e-anely-encontram-tesouro-em-barras-de-ouro.ghtml"", 0.1865], [""http://gshow.globo.com/moda-e-beleza/noticia/ronda-de-looks-veja-as-producoes-que-as-famosas-usaram-durante-os-eventos-da-semana.ghtml"", 0.1818], [""http://gshow.globo.com/novelas/terra-e-paixao/vem-por-ai/noticia/terra-e-paixao-agatha-revela-por-que-forjou-a-propria-morte.ghtml"", 0.175], [""http://gshow.globo.com/novelas/terra-e-paixao/vem-por-ai/noticia/terra-e-paixao-luigi-e-anely-sao-presos.ghtml"", 0.173], [""http://gshow.globo.com/moda-e-beleza/noticia/lingerie-no-dia-a-dia-aprenda-a-montar-cinco-looks-com-pecas-do-seu-guarda-roupa-intimo.ghtml"", 0.1704], [""http://gshow.globo.com/novelas/fuzue/resumo/20230828-a-20230903-4027771c62194aa1bc631806fe20aeef.ghtml"", 0.1655]]"
http://gshow.globo.com/tudo-mais/tv-e-famosos/noticia/zagallo-segue-internado-em-hospital-da-barra.ghtml,"[[""http://gshow.globo.com/tudo-mais/tv-e-famosos/noticia/zagallo-apresenta-melhora-clinica-em-hospital-diz-boletim-medico.ghtml"", 0.5019], [""http://gshow.globo.com/tudo-mais/tv-e-famosos/noticia/preta-gil-se-recupera-bem-de-cirurgia-de-retirada-de-cancer-no-intestino-diz-equipe-medica-acordada-em-bom-estado-geral.ghtml"", 0.4225], [""http://gshow.globo.com/tudo-mais/tv-e-famosos/noticia/ze-vaqueiro-confirma-retorno-aos-palcos-e-pede-oracoes-para-o-filho-internado.ghtml"", 0.394], [""http://gshow.globo.com/tudo-mais/tv-e-famosos/noticia/preta-gil-ja-esta-em-pe-fazendo-fisioterapia-diz-gominho.ghtml"", 0.329], [""http://gshow.globo.com/tudo-mais/tv-e-famosos/noticia/preta-gil-passa-bem-apos-cirurgia-para-retirada-do-cancer-no-intestino.ghtml"", 0.2952], [""http://gshow.globo.com/tudo-mais/tv-e-famosos/noticia/preta-gil-tem-estado-de-saude-atualizado.ghtml"", 0.2908], [""http://gshow.globo.com/realities/no-limite/2023/noticia/paratleta-campeao-do-no-limite-2023-dede-revela-o-que-fara-com-o-premio-e-agradece-fernando-fernandes-idolo.ghtml"", 0.1691], [""http://gshow.globo.com/tudo-mais/tv-e-famosos/noticia/nasce-filha-de-bruno-do-klb-em-sao-paulo.ghtml"", 0.1665], [""http://gshow.globo.com/tudo-mais/tv-e-famosos/noticia/helena-ranaldi-longe-das-novelas-ha-9-anos-se-dedica-ao-teatro-e-nega-que-esteja-vivendo-em-sitio.ghtml"", 0.1528], [""http://gshow.globo.com/tudo-mais/tv-e-famosos/noticia/filho-de-neymar-davi-lucca-impressiona-com-ingles-fluente-durante-entrevista.ghtml"", 0.1307]]"
http://gshow.globo.com/tudo-mais/tv-e-famosos/noticia/sobrinha-de-preta-gil-flor-gil-posta-declaracao-apos-cirurgia-da-cantora-sua-forca-me-inspira.ghtml,"[[""http://gshow.globo.com/tudo-mais/tv-e-famosos/noticia/preta-gil-tem-estado-de-saude-atualizado.ghtml"", 0.3894], [""http://gshow.globo.com/tudo-mais/tv-e-famosos/noticia/preta-gil-se-recupera-bem-de-cirurgia-de-retirada-de-cancer-no-intestino-diz-equipe-medica-acordada-em-bom-estado-geral.ghtml"", 0.3345], [""http://gshow.globo.com/tudo-mais/tv-e-famosos/noticia/lexa-pega-carona-no-jatinho-de-anitta.ghtml"", 0.2528], [""http://gshow.globo.com/tudo-mais/tv-e-famosos/noticia/claudia-ohana-faz-book-com-roupa-estilosa-e-seguidores-elogiam-deusa-suprema.ghtml"", 0.2442], [""http://gshow.globo.com/tudo-mais/tv-e-famosos/noticia/mae-de-larissa-manoela-silvana-fala-sobre-o-rompimento-com-a-filha.ghtml"", 0.2069], [""http://gshow.globo.com/tudo-mais/tv-e-famosos/noticia/mae-de-larissa-manoela-silvana-taques-diz-em-entrevista-nunca-quisemos-ficar-com-nada-dela.ghtml"", 0.1978], [""http://gshow.globo.com/tudo-mais/tv-e-famosos/noticia/publico-compara-filha-com-personagem-de-gabriela-duarte-em-foto-publicada-pela-atriz.ghtml"", 0.1877], [""http://gshow.globo.com/tudo-mais/tv-e-famosos/noticia/preta-gil-ja-esta-em-pe-fazendo-fisioterapia-diz-gominho.ghtml"", 0.1846], [""http://gshow.globo.com/tudo-mais/tv-e-famosos/noticia/em-meio-a-polemica-de-pais-gananciosos-sandy-diz-que-xororo-sempre-a-incluiu-em-decisoes.ghtml"", 0.17], [""http://gshow.globo.com/tudo-mais/tv-e-famosos/noticia/mileide-mihaile-mostra-look-para-show-de-beyonce-em-miami-e-realiza-sonho-como-fa.ghtml"", 0.1634]]"
http://gshow.globo.com/tudo-mais/tv-e-famosos/noticia/bruna-biancardi-deseja-sorte-a-neymar-em-apresentacao-do-jogador-no-al-hilal.ghtml,"[[""http://gshow.globo.com/tudo-mais/tv-e-famosos/noticia/familia-de-neymar-celebra-anuncio-do-jogador-no-al-hilal-estamos-juntos.ghtml"", 0.5733], [""http://gshow.globo.com/tudo-mais/tv-e-famosos/noticia/filho-de-neymar-davi-lucca-impressiona-com-ingles-fluente-durante-entrevista.ghtml"", 0.3014], [""http://gshow.globo.com/tudo-mais/viralizou/noticia/post-de-anuncio-de-neymar-no-ah-hilal-ultrapassa-as-2-milhoes-de-curtidas-em-1-hora.ghtml"", 0.284], [""http://gshow.globo.com/tudo-mais/tv-e-famosos/noticia/mileide-mihaile-mostra-look-para-show-de-beyonce-em-miami-e-realiza-sonho-como-fa.ghtml"", 0.2809], [""http://gshow.globo.com/tudo-mais/tv-e-famosos/noticia/filho-de-murilo-benicio-e-alessandra-negrini-antonio-benicio-anima-seguidores-com-foto-sem-camisa.ghtml"", 0.2568], [""http://gshow.globo.com/tudo-mais/tv-e-famosos/noticia/larissa-manoela-tem-dia-de-malhacao-com-o-noivo-andre-luiz-frambach.ghtml"", 0.197], [""http://gshow.globo.com/tudo-mais/tv-e-famosos/noticia/nasce-filha-de-bruno-do-klb-em-sao-paulo.ghtml"", 0.1721], [""http://gshow.globo.com/tudo-mais/tv-e-famosos/noticia/maira-cardi-comenta-polemicas-e-desabafa-em-live.ghtml"", 0.1697], [""http://gshow.globo.com/tudo-mais/tv-e-famosos/noticia/mister-m-reencontra-cid-moreira-e-aparece-em-foto-ao-lado-do-apresentador.ghtml"", 0.1563], [""http://gshow.globo.com/tudo-mais/tv-e-famosos/noticia/cezar-black-troca-beijos-com-morena-em-festival-de-musica-em-sao-paulo.ghtml"", 0.1356]]"
http://gshow.globo.com/tudo-mais/tv-e-famosos/noticia/hariany-confirma-romance-com-filho-de-leonardo-estamos-ficando-nos-curtindo-esta-leve.ghtml,"[[""http://gshow.globo.com/tudo-mais/tv-e-famosos/noticia/familia-de-neymar-celebra-anuncio-do-jogador-no-al-hilal-estamos-juntos.ghtml"", 0.2668], [""http://gshow.globo.com/realities/no-limite/2023/noticia/apos-no-limite-paulinho-vilhena-revela-vontade-de-retomar-seriado-de-sandy-e-junior-a-gente-ja-escreveu-algumas-coisas.ghtml"", 0.2433], [""http://gshow.globo.com/tudo-mais/tv-e-famosos/noticia/lexa-pega-carona-no-jatinho-de-anitta.ghtml"", 0.2342], [""http://gshow.globo.com/tudo-mais/tv-e-famosos/noticia/mae-de-larissa-manoela-silvana-taques-diz-em-entrevista-nunca-quisemos-ficar-com-nada-dela.ghtml"", 0.2167], [""http://gshow.globo.com/tudo-mais/tv-e-famosos/noticia/anitta-comenta-affair-com-simone-susinna-pra-sempre-e-muito-forte.ghtml"", 0.2137], [""http://gshow.globo.com/tudo-mais/tv-e-famosos/noticia/sheron-menezzes-enaltece-relacionamento-de-12-anos-com-marido-ele-me-completa.ghtml"", 0.2135], [""http://gshow.globo.com/novelas/terra-e-paixao/noticia/gshow-em-terra-e-paixao-graca-e-jonatas-serao-flagrados-se-pegando.ghtml"", 0.2065], [""http://gshow.globo.com/novelas/amor-perfeito/noticia/orlando-almeida-comenta-casamento-de-orlando-e-gilda-em-amor-perfeito-e-derrocada-da-vila-esta-roda-vai-girar.ghtml"", 0.1971], [""http://gshow.globo.com/tudo-mais/tv-e-famosos/noticia/preta-gil-ja-esta-em-pe-fazendo-fisioterapia-diz-gominho.ghtml"", 0.1952], [""http://gshow.globo.com/tudo-mais/tv-e-famosos/noticia/segundo-filho-de-rihanna-e-aap-rocky-nasceu-no-inicio-do-mes-revela-site.ghtml"", 0.1752]]"
http://gshow.globo.com/tudo-mais/tv-e-famosos/noticia/alice-wegmann-fala-sobre-abuso-sofrido-as-feridas-tao-muito-abertas-ainda.ghtml,"[[""http://gshow.globo.com/tudo-mais/pop/noticia/matheus-nachtergaele-sobre-o-auto-da-compadecida-2-nao-sei-o-tamanho-da-emocao-que-estou-sentindo.ghtml"", 0.2759], [""http://gshow.globo.com/novelas/terra-e-paixao/noticia/terra-e-paixao-debora-ozorio-detalha-estudo-sobre-abuso-sexual-para-viver-drama-de-petra.ghtml"", 0.2135], [""http://gshow.globo.com/tudo-mais/tv-e-famosos/noticia/deborah-secco-se-diverte-com-revelacao-intima-sobre-hugo-moura-exposto-em-rede-nacional.ghtml"", 0.1906], [""http://gshow.globo.com/tudo-mais/tv-e-famosos/noticia/deborah-secco-revela-detalhe-da-anatomia-intima-de-hugo-moura-na-estreia-de-sobre-nos-dois.ghtml"", 0.1735], [""http://gshow.globo.com/realities/no-limite/2023/noticia/carol-nakamura-perde-semifinal-deixa-o-no-limite-amazonia-e-se-emociona-frustrante.ghtml"", 0.1733], [""http://gshow.globo.com/tudo-mais/tv-e-famosos/noticia/maira-cardi-mostra-novos-prints-sobre-treta-com-mulher-de-thiago-silva.ghtml"", 0.1717], [""http://gshow.globo.com/tudo-mais/tv-e-famosos/noticia/anitta-comenta-affair-com-simone-susinna-pra-sempre-e-muito-forte.ghtml"", 0.1645], [""http://gshow.globo.com/realities/no-limite/2023/noticia/ultima-famosa-a-deixar-o-no-limite-carol-nakamura-conta-que-foi-julgada-tentaram-dizer-que-nao-preciso.ghtml"", 0.1624], [""http://gshow.globo.com/tudo-mais/tv-e-famosos/noticia/lea-garcia-estava-feliz-com-o-reconhecimento-e-falou-sobre-viver-por-mais-90-anos-em-ultima-entrevista.ghtml"", 0.1471], [""http://gshow.globo.com/tudo-mais/tv-e-famosos/noticia/jojo-todynho-explica-decisao-de-fazer-bariatrica-e-diz-eu-nunca-romantizei-a-obesidade.ghtml"", 0.1465]]"
http://gshow.globo.com/realities/no-limite/2023/noticia/pela-segunda-vez-no-limite-tem-campeao-que-veio-da-repescagem-relembre.ghtml,"[[""http://gshow.globo.com/realities/no-limite/2023/noticia/desespero-em-desempate-com-eliminacao-dupla-marcam-o-penultimo-episodio-do-no-limite-2023.ghtml"", 0.3764], [""http://gshow.globo.com/realities/no-limite/2023/noticia/carol-nakamura-perde-semifinal-deixa-o-no-limite-amazonia-e-se-emociona-frustrante.ghtml"", 0.2792], [""http://gshow.globo.com/tudo-mais/tv-e-famosos/noticia/gil-do-vigor-tem-carro-enguicado-ao-fazer-confusao-na-hora-de-abastecer-veja-video.ghtml"", 0.2364], [""http://gshow.globo.com/realities/no-limite/2023/noticia/em-entrevista-exclusiva-eliminada-por-voto-aberto-fala-sobre-traicao-no-no-limite.ghtml"", 0.2345], [""http://gshow.globo.com/tudo-mais/the-town/noticia/foo-figthers-no-the-town-banda-retorna-para-se-apresentar-no-mesmo-local-de-show-cancelado.ghtml"", 0.1983], [""http://gshow.globo.com/realities/no-limite/2023/noticia/unica-famosa-na-semifinal-carol-nakamura-chama-a-atencao-de-internautas-em-prova.ghtml"", 0.1715], [""http://gshow.globo.com/novelas/amor-perfeito/vem-por-ai/noticia/amor-perfeito-jesus-resgata-frei-joao-da-morte-entenda-como-sera-a-cena.ghtml"", 0.1686], [""http://gshow.globo.com/realities/no-limite/2023/noticia/ultima-famosa-a-deixar-o-no-limite-carol-nakamura-conta-que-foi-julgada-tentaram-dizer-que-nao-preciso.ghtml"", 0.1622], [""http://gshow.globo.com/realities/no-limite/2023/noticia/paratleta-campeao-do-no-limite-2023-dede-revela-o-que-fara-com-o-premio-e-agradece-fernando-fernandes-idolo.ghtml"", 0.156], [""http://gshow.globo.com/tudo-mais/tv-e-famosos/noticia/maira-cardi-comenta-polemicas-e-desabafa-em-live.ghtml"", 0.1432]]"
http://gshow.globo.com/tudo-mais/tv-e-famosos/noticia/preta-gil-ja-esta-em-pe-fazendo-fisioterapia-diz-gominho.ghtml,"[[""http://gshow.globo.com/tudo-mais/tv-e-famosos/noticia/preta-gil-se-recupera-bem-de-cirurgia-de-retirada-de-cancer-no-intestino-diz-equipe-medica-acordada-em-bom-estado-geral.ghtml"", 0.5048], [""http://gshow.globo.com/tudo-mais/tv-e-famosos/noticia/zagallo-segue-internado-em-hospital-da-barra.ghtml"", 0.329], [""http://gshow.globo.com/tudo-mais/tv-e-famosos/noticia/preta-gil-tem-estado-de-saude-atualizado.ghtml"", 0.3286], [""http://gshow.globo.com/tudo-mais/tv-e-famosos/noticia/zagallo-apresenta-melhora-clinica-em-hospital-diz-boletim-medico.ghtml"", 0.32], [""http://gshow.globo.com/tudo-mais/tv-e-famosos/noticia/ze-vaqueiro-confirma-retorno-aos-palcos-e-pede-oracoes-para-o-filho-internado.ghtml"", 0.2711], [""http://gshow.globo.com/tudo-mais/tv-e-famosos/noticia/preta-gil-passa-bem-apos-cirurgia-para-retirada-do-cancer-no-intestino.ghtml"", 0.2187], [""http://gshow.globo.com/ep/loreal-paris/noticia/em-nova-fase-carla-diaz-mantem-rotina-de-cuidados.ghtml"", 0.2123], [""http://gshow.globo.com/tudo-mais/tv-e-famosos/noticia/karoline-lima-mostra-filha-com-eder-militao-falando-papai-no-dia-em-que-jogador-passa-por-cirurgia-no-joelho.ghtml"", 0.2016], [""http://gshow.globo.com/tudo-mais/tv-e-famosos/noticia/hariany-confirma-romance-com-filho-de-leonardo-estamos-ficando-nos-curtindo-esta-leve.ghtml"", 0.1952], [""http://gshow.globo.com/tudo-mais/tv-e-famosos/noticia/sobrinha-de-preta-gil-flor-gil-posta-declaracao-apos-cirurgia-da-cantora-sua-forca-me-inspira.ghtml"", 0.1846]]"
http://gshow.globo.com/novelas/terra-e-paixao/noticia/gshow-em-terra-e-paixao-graca-e-jonatas-serao-flagrados-se-pegando.ghtml,"[[""http://gshow.globo.com/tudo-mais/tv-e-famosos/noticia/maira-cardi-rebate-critica-de-daniel-cady.ghtml"", 0.3004], [""http://gshow.globo.com/tudo-mais/tv-e-famosos/noticia/veja-atores-que-sao-irmaos-na-vida-real-e-tambem-na-ficcao.ghtml"", 0.2887], [""http://gshow.globo.com/novelas/terra-e-paixao/vem-por-ai/noticia/terra-e-paixao-luigi-e-anely-sao-presos.ghtml"", 0.2343], [""http://gshow.globo.com/tudo-mais/tv-e-famosos/noticia/cezar-black-troca-beijos-com-morena-em-festival-de-musica-em-sao-paulo.ghtml"", 0.2078], [""http://gshow.globo.com/tudo-mais/tv-e-famosos/noticia/hariany-confirma-romance-com-filho-de-leonardo-estamos-ficando-nos-curtindo-esta-leve.ghtml"", 0.2065], [""http://gshow.globo.com/novelas/amor-perfeito/noticia/orlando-almeida-comenta-casamento-de-orlando-e-gilda-em-amor-perfeito-e-derrocada-da-vila-esta-roda-vai-girar.ghtml"", 0.1991], [""http://gshow.globo.com/tudo-mais/tv-e-famosos/noticia/dia-dos-solteiros-veja-17-famosos-cobicados-que-nao-namoram.ghtml"", 0.1966], [""http://gshow.globo.com/tudo-mais/tv-e-famosos/noticia/sabrina-sato-e-marcelo-adnet-participam-do-lancamento-de-sobre-nos-dois.ghtml"", 0.1936], [""http://gshow.globo.com/novelas/terra-e-paixao/vem-por-ai/noticia/terra-e-paixao-irene-da-tapa-na-cara-de-angelina-por-causa-de-agatha.ghtml"", 0.1606], [""http://gshow.globo.com/novelas/terra-e-paixao/vem-por-ai/noticia/terra-e-paixao-luigi-e-anely-encontram-tesouro-em-barras-de-ouro.ghtml"", 0.1581]]"
http://gshow.globo.com/tudo-mais/tv-e-famosos/noticia/sheron-menezzes-enaltece-relacionamento-de-12-anos-com-marido-ele-me-completa.ghtml,"[[""http://gshow.globo.com/tudo-mais/tv-e-famosos/noticia/lea-garcia-estava-feliz-com-o-reconhecimento-e-falou-sobre-viver-por-mais-90-anos-em-ultima-entrevista.ghtml"", 0.2275], [""http://gshow.globo.com/tudo-mais/tv-e-famosos/noticia/hariany-confirma-romance-com-filho-de-leonardo-estamos-ficando-nos-curtindo-esta-leve.ghtml"", 0.2135], [""http://gshow.globo.com/tudo-mais/tv-e-famosos/noticia/maira-cardi-mostra-novos-prints-sobre-treta-com-mulher-de-thiago-silva.ghtml"", 0.1991], [""http://gshow.globo.com/ep/loreal-paris/noticia/em-nova-fase-carla-diaz-mantem-rotina-de-cuidados.ghtml"", 0.198], [""http://gshow.globo.com/tudo-mais/tv-e-famosos/noticia/aline-wirley-faz-topless-no-quintal-de-casa.ghtml"", 0.186], [""http://gshow.globo.com/tudo-mais/tv-e-famosos/noticia/deborah-secco-se-diverte-com-revelacao-intima-sobre-hugo-moura-exposto-em-rede-nacional.ghtml"", 0.1784], [""http://gshow.globo.com/tudo-mais/tv-e-famosos/noticia/deborah-secco-revela-detalhe-da-anatomia-intima-de-hugo-moura-na-estreia-de-sobre-nos-dois.ghtml"", 0.1749], [""http://gshow.globo.com/tudo-mais/tv-e-famosos/noticia/jojo-todynho-explica-decisao-de-fazer-bariatrica-e-diz-eu-nunca-romantizei-a-obesidade.ghtml"", 0.1576], [""http://gshow.globo.com/tudo-mais/tv-e-famosos/noticia/anitta-comenta-affair-com-simone-susinna-pra-sempre-e-muito-forte.ghtml"", 0.1513], [""http://gshow.globo.com/tudo-mais/tv-e-famosos/noticia/claudia-ohana-faz-book-com-roupa-estilosa-e-seguidores-elogiam-deusa-suprema.ghtml"", 0.1459]]"
http://gshow.globo.com/tudo-mais/tv-e-famosos/noticia/conheca-carioca-de-21-anos-que-se-tornou-a-primeira-estudante-estrangeira-na-forca-aerea-dos-eua.ghtml,"[[""http://gshow.globo.com/tudo-mais/tv-e-famosos/noticia/veja-atores-que-sao-irmaos-na-vida-real-e-tambem-na-ficcao.ghtml"", 0.151], [""http://gshow.globo.com/tudo-mais/tv-e-famosos/noticia/nasce-filha-de-bruno-do-klb-em-sao-paulo.ghtml"", 0.1382], [""http://gshow.globo.com/tudo-mais/tv-e-famosos/noticia/dia-dos-solteiros-veja-17-famosos-cobicados-que-nao-namoram.ghtml"", 0.1267], [""http://gshow.globo.com/tudo-mais/tv-e-famosos/noticia/de-kim-kardashian-a-paris-hilton-veja-famosos-que-tiveram-filhos-por-meio-de-barriga-de-aluguel.ghtml"", 0.1181], [""http://gshow.globo.com/realities/no-limite/2023/noticia/unica-famosa-na-semifinal-carol-nakamura-chama-a-atencao-de-internautas-em-prova.ghtml"", 0.1163], [""http://gshow.globo.com/tudo-mais/tv-e-famosos/noticia/helena-ranaldi-longe-das-novelas-ha-9-anos-se-dedica-ao-teatro-e-nega-que-esteja-vivendo-em-sitio.ghtml"", 0.1099], [""http://gshow.globo.com/novelas/mundo-de-novela/noticia/relembre-a-carreira-de-larissa-manoela.ghtml"", 0.1086], [""http://gshow.globo.com/tudo-mais/tv-e-famosos/noticia/leo-santana-usa-jaqueta-grifada-de-mais-de-r-27-mil-para-show-em-portugal.ghtml"", 0.0896], [""http://gshow.globo.com/moda-e-beleza/noticia/ronda-de-looks-veja-as-producoes-que-as-famosas-usaram-durante-os-eventos-da-semana.ghtml"", 0.084], [""http://gshow.globo.com/moda-e-beleza/noticia/lingerie-no-dia-a-dia-aprenda-a-montar-cinco-looks-com-pecas-do-seu-guarda-roupa-intimo.ghtml"", 0.0839]]"
http://gshow.globo.com/novelas/terra-e-paixao/resumo/20230828-a-20230903-12ed7334d52a4a768c78c458465631ab.ghtml,"[[""http://gshow.globo.com/novelas/fuzue/resumo/20230828-a-20230903-4027771c62194aa1bc631806fe20aeef.ghtml"", 0.9178], [""http://gshow.globo.com/moda-e-beleza/noticia/ronda-de-looks-veja-as-producoes-que-as-famosas-usaram-durante-os-eventos-da-semana.ghtml"", 0.2427], [""http://gshow.globo.com/realities/no-limite/2023/noticia/desespero-em-desempate-com-eliminacao-dupla-marcam-o-penultimo-episodio-do-no-limite-2023.ghtml"", 0.2274], [""http://gshow.globo.com/tudo-mais/tv-e-famosos/noticia/veja-atores-que-sao-irmaos-na-vida-real-e-tambem-na-ficcao.ghtml"", 0.2126], [""http://gshow.globo.com/novelas/terra-e-paixao/vem-por-ai/noticia/terra-e-paixao-agatha-corre-risco-de-morte-em-vinganca-de-irene-veja-fotos-exclusivas.ghtml"", 0.1989], [""http://gshow.globo.com/novelas/mundo-de-novela/noticia/forca-de-um-desejo-figurino-inspirado-em-imperatriz-e-personagem-revisitada-confira-outras-curiosidades.ghtml"", 0.197], [""http://gshow.globo.com/novelas/amor-perfeito/vem-por-ai/noticia/amor-perfeito-jesus-resgata-frei-joao-da-morte-entenda-como-sera-a-cena.ghtml"", 0.1956], [""http://gshow.globo.com/novelas/terra-e-paixao/noticia/irene-vibra-com-noticia-morte-de-agatha-em-terra-e-paixao.ghtml"", 0.1548], [""http://gshow.globo.com/novelas/terra-e-paixao/vem-por-ai/noticia/terra-e-paixao-irene-da-tapa-na-cara-de-angelina-por-causa-de-agatha.ghtml"", 0.1546], [""http://gshow.globo.com/tudo-mais/tv-e-famosos/noticia/maira-cardi-rebate-critica-de-daniel-cady.ghtml"", 0.15]]"
http://gshow.globo.com/tudo-mais/viralizou/noticia/larissa-manoela-ganhou-mais-de-2-milhoes-de-seguidores-apos-entrevista-sobre-o-rompimento-com-os-pais.ghtml,"[[""http://gshow.globo.com/tudo-mais/tv-e-famosos/noticia/mae-de-larissa-manoela-silvana-fala-sobre-o-rompimento-com-a-filha.ghtml"", 0.3849], [""http://gshow.globo.com/tudo-mais/viralizou/noticia/post-de-anuncio-de-neymar-no-ah-hilal-ultrapassa-as-2-milhoes-de-curtidas-em-1-hora.ghtml"", 0.3672], [""http://gshow.globo.com/novelas/fuzue/noticia/fuzue-memes-sobre-a-trama-ganham-redes-sociais-na-primeira-semana.ghtml"", 0.2774], [""http://gshow.globo.com/tudo-mais/tv-e-famosos/noticia/em-meio-a-polemica-de-pais-gananciosos-sandy-diz-que-xororo-sempre-a-incluiu-em-decisoes.ghtml"", 0.2681], [""http://gshow.globo.com/tudo-mais/tv-e-famosos/noticia/mae-de-larissa-manoela-silvana-taques-diz-em-entrevista-nunca-quisemos-ficar-com-nada-dela.ghtml"", 0.2225], [""http://gshow.globo.com/tudo-mais/tv-e-famosos/noticia/fas-lotam-rede-social-de-hugo-moura-apos-comentario-de-deborah-secco-o-brasil-ficou-curioso.ghtml"", 0.1997], [""http://gshow.globo.com/tudo-mais/tv-e-famosos/noticia/dia-dos-solteiros-veja-17-famosos-cobicados-que-nao-namoram.ghtml"", 0.1902], [""http://gshow.globo.com/tudo-mais/viralizou/noticia/anitta-repreende-fa-que-estaria-cobrando-dinheiro-do-publico-na-hora-da-foto-veja-video.ghtml"", 0.1872], [""http://gshow.globo.com/novelas/mundo-de-novela/noticia/relembre-a-carreira-de-larissa-manoela.ghtml"", 0.1787], [""http://gshow.globo.com/tudo-mais/tv-e-famosos/noticia/de-kim-kardashian-a-paris-hilton-veja-famosos-que-tiveram-filhos-por-meio-de-barriga-de-aluguel.ghtml"", 0.1723]]"
http://gshow.globo.com/tudo-mais/the-town/noticia/foo-figthers-no-the-town-banda-retorna-para-se-apresentar-no-mesmo-local-de-show-cancelado.ghtml,"[[""http://gshow.globo.com/tudo-mais/tv-e-famosos/noticia/bruce-springsteen-adia-datas-da-turne-por-conta-de-doenca-nao-revelada.ghtml"", 0.4326], [""http://gshow.globo.com/tudo-mais/tv-e-famosos/noticia/ze-vaqueiro-confirma-retorno-aos-palcos-e-pede-oracoes-para-o-filho-internado.ghtml"", 0.2558], [""http://gshow.globo.com/tudo-mais/tv-e-famosos/noticia/preta-gil-passa-bem-apos-cirurgia-para-retirada-do-cancer-no-intestino.ghtml"", 0.2518], [""http://gshow.globo.com/realities/no-limite/2023/noticia/desespero-em-desempate-com-eliminacao-dupla-marcam-o-penultimo-episodio-do-no-limite-2023.ghtml"", 0.2419], [""http://gshow.globo.com/tudo-mais/pop/noticia/dublador-de-mario-se-aposenta-de-personagem-apos-mais-de-30-anos.ghtml"", 0.206], [""http://gshow.globo.com/realities/no-limite/2023/noticia/pela-segunda-vez-no-limite-tem-campeao-que-veio-da-repescagem-relembre.ghtml"", 0.1983], [""http://gshow.globo.com/tudo-mais/tv-e-famosos/noticia/segundo-filho-de-rihanna-e-aap-rocky-nasceu-no-inicio-do-mes-revela-site.ghtml"", 0.1817], [""http://gshow.globo.com/tudo-mais/tv-e-famosos/noticia/mister-m-reencontra-cid-moreira-e-aparece-em-foto-ao-lado-do-apresentador.ghtml"", 0.1269], [""http://gshow.globo.com/tudo-mais/tv-e-famosos/noticia/mileide-mihaile-mostra-look-para-show-de-beyonce-em-miami-e-realiza-sonho-como-fa.ghtml"", 0.1225], [""http://gshow.globo.com/tudo-mais/tv-e-famosos/noticia/cezar-black-troca-beijos-com-morena-em-festival-de-musica-em-sao-paulo.ghtml"", 0.1208]]"
http://gshow.globo.com/novelas/terra-e-paixao/noticia/terra-e-paixao-debora-ozorio-detalha-estudo-sobre-abuso-sexual-para-viver-drama-de-petra.ghtml,"[[""http://gshow.globo.com/novelas/amor-perfeito/vem-por-ai/noticia/amor-perfeito-orlando-descobre-pista-crucial-sobre-leonel-rubiao.ghtml"", 0.3877], [""http://gshow.globo.com/novelas/terra-e-paixao/vem-por-ai/noticia/terra-e-paixao-agatha-revela-por-que-forjou-a-propria-morte.ghtml"", 0.3871], [""http://gshow.globo.com/novelas/terra-e-paixao/vem-por-ai/noticia/terra-e-paixao-irene-da-tapa-na-cara-de-angelina-por-causa-de-agatha.ghtml"", 0.3333], [""http://gshow.globo.com/novelas/terra-e-paixao/noticia/irene-vibra-com-noticia-morte-de-agatha-em-terra-e-paixao.ghtml"", 0.2577], [""http://gshow.globo.com/tudo-mais/tv-e-famosos/noticia/deborah-secco-revela-detalhe-da-anatomia-intima-de-hugo-moura-na-estreia-de-sobre-nos-dois.ghtml"", 0.2506], [""http://gshow.globo.com/novelas/terra-e-paixao/vem-por-ai/noticia/terra-e-paixao-luigi-e-anely-sao-presos.ghtml"", 0.2289], [""http://gshow.globo.com/novelas/fuzue/vem-por-ai/noticia/fuzue-luna-descobre-pista-importante-sobre-o-passado-de-sua-mae-em-paraty.ghtml"", 0.2287], [""http://gshow.globo.com/novelas/amor-perfeito/vem-por-ai/noticia/amor-perfeito-jesus-resgata-frei-joao-da-morte-entenda-como-sera-a-cena.ghtml"", 0.2286], [""http://gshow.globo.com/novelas/terra-e-paixao/vem-por-ai/noticia/terra-e-paixao-agatha-corre-risco-de-morte-em-vinganca-de-irene-veja-fotos-exclusivas.ghtml"", 0.2237], [""http://gshow.globo.com/tudo-mais/tv-e-famosos/noticia/alice-wegmann-fala-sobre-abuso-sofrido-as-feridas-tao-muito-abertas-ainda.ghtml"", 0.2135]]"
http://gshow.globo.com/tudo-mais/tv-e-famosos/noticia/lea-garcia-estava-feliz-com-o-reconhecimento-e-falou-sobre-viver-por-mais-90-anos-em-ultima-entrevista.ghtml,"[[""http://gshow.globo.com/tudo-mais/tv-e-famosos/noticia/sheron-menezzes-enaltece-relacionamento-de-12-anos-com-marido-ele-me-completa.ghtml"", 0.2275], [""http://gshow.globo.com/realities/no-limite/2023/noticia/paratleta-campeao-do-no-limite-2023-dede-revela-o-que-fara-com-o-premio-e-agradece-fernando-fernandes-idolo.ghtml"", 0.174], [""http://gshow.globo.com/ep/loreal-paris/noticia/em-nova-fase-carla-diaz-mantem-rotina-de-cuidados.ghtml"", 0.166], [""http://gshow.globo.com/tudo-mais/tv-e-famosos/noticia/mae-de-larissa-manoela-da-sua-versao-da-disputa-com-a-filha-em-nova-entrevista.ghtml"", 0.1655], [""http://gshow.globo.com/tudo-mais/tv-e-famosos/noticia/preta-gil-se-recupera-bem-de-cirurgia-de-retirada-de-cancer-no-intestino-diz-equipe-medica-acordada-em-bom-estado-geral.ghtml"", 0.1639], [""http://gshow.globo.com/tudo-mais/tv-e-famosos/noticia/jojo-todynho-explica-decisao-de-fazer-bariatrica-e-diz-eu-nunca-romantizei-a-obesidade.ghtml"", 0.1598], [""http://gshow.globo.com/tudo-mais/tv-e-famosos/noticia/alice-wegmann-fala-sobre-abuso-sofrido-as-feridas-tao-muito-abertas-ainda.ghtml"", 0.1471], [""http://gshow.globo.com/tudo-mais/tv-e-famosos/noticia/mae-de-larissa-manoela-silvana-taques-diz-em-entrevista-nunca-quisemos-ficar-com-nada-dela.ghtml"", 0.146], [""http://gshow.globo.com/tudo-mais/pop/noticia/dublador-de-mario-se-aposenta-de-personagem-apos-mais-de-30-anos.ghtml"", 0.1431], [""http://gshow.globo.com/tudo-mais/tv-e-famosos/noticia/maira-cardi-mostra-novos-prints-sobre-treta-com-mulher-de-thiago-silva.ghtml"", 0.1381]]"
http://gshow.globo.com/ep/loreal-paris/noticia/em-nova-fase-carla-diaz-mantem-rotina-de-cuidados.ghtml,"[[""http://gshow.globo.com/tudo-mais/tv-e-famosos/noticia/preta-gil-tem-estado-de-saude-atualizado.ghtml"", 0.319], [""http://gshow.globo.com/tudo-mais/tv-e-famosos/noticia/pipoca-da-ivete-volta-em-2a-temporada-com-novos-quadros-e-convidados.ghtml"", 0.231], [""http://gshow.globo.com/tudo-mais/tv-e-famosos/noticia/larissa-manoela-tem-dia-de-malhacao-com-o-noivo-andre-luiz-frambach.ghtml"", 0.2155], [""http://gshow.globo.com/tudo-mais/tv-e-famosos/noticia/preta-gil-ja-esta-em-pe-fazendo-fisioterapia-diz-gominho.ghtml"", 0.2123], [""http://gshow.globo.com/tudo-mais/tv-e-famosos/noticia/sheron-menezzes-enaltece-relacionamento-de-12-anos-com-marido-ele-me-completa.ghtml"", 0.198], [""http://gshow.globo.com/tudo-mais/tv-e-famosos/noticia/aline-wirley-faz-topless-no-quintal-de-casa.ghtml"", 0.1842], [""http://gshow.globo.com/tudo-mais/tv-e-famosos/noticia/lea-garcia-estava-feliz-com-o-reconhecimento-e-falou-sobre-viver-por-mais-90-anos-em-ultima-entrevista.ghtml"", 0.166], [""http://gshow.globo.com/tudo-mais/tv-e-famosos/noticia/preta-gil-se-recupera-bem-de-cirurgia-de-retirada-de-cancer-no-intestino-diz-equipe-medica-acordada-em-bom-estado-geral.ghtml"", 0.1659], [""http://gshow.globo.com/tudo-mais/tv-e-famosos/noticia/ze-vaqueiro-confirma-retorno-aos-palcos-e-pede-oracoes-para-o-filho-internado.ghtml"", 0.1573], [""http://gshow.globo.com/novelas/mundo-de-novela/noticia/relembre-a-carreira-de-larissa-manoela.ghtml"", 0.1545]]"
http://gshow.globo.com/tudo-mais/tv-e-famosos/noticia/zagallo-apresenta-melhora-clinica-em-hospital-diz-boletim-medico.ghtml,"[[""http://gshow.globo.com/tudo-mais/tv-e-famosos/noticia/zagallo-segue-internado-em-hospital-da-barra.ghtml"", 0.5019], [""http://gshow.globo.com/tudo-mais/tv-e-famosos/noticia/preta-gil-se-recupera-bem-de-cirurgia-de-retirada-de-cancer-no-intestino-diz-equipe-medica-acordada-em-bom-estado-geral.ghtml"", 0.4209], [""http://gshow.globo.com/tudo-mais/tv-e-famosos/noticia/preta-gil-tem-estado-de-saude-atualizado.ghtml"", 0.3514], [""http://gshow.globo.com/tudo-mais/tv-e-famosos/noticia/preta-gil-ja-esta-em-pe-fazendo-fisioterapia-diz-gominho.ghtml"", 0.32], [""http://gshow.globo.com/tudo-mais/tv-e-famosos/noticia/ze-vaqueiro-confirma-retorno-aos-palcos-e-pede-oracoes-para-o-filho-internado.ghtml"", 0.2761], [""http://gshow.globo.com/tudo-mais/tv-e-famosos/noticia/preta-gil-passa-bem-apos-cirurgia-para-retirada-do-cancer-no-intestino.ghtml"", 0.2515], [""http://gshow.globo.com/tudo-mais/tv-e-famosos/noticia/felipe-neto-sai-em-defesa-de-luisa-sonza-apos-criticas-sobre-nova-musica.ghtml"", 0.1925], [""http://gshow.globo.com/tudo-mais/tv-e-famosos/noticia/segundo-filho-de-rihanna-e-aap-rocky-nasceu-no-inicio-do-mes-revela-site.ghtml"", 0.1611], [""http://gshow.globo.com/tudo-mais/tv-e-famosos/noticia/nasce-filha-de-bruno-do-klb-em-sao-paulo.ghtml"", 0.1535], [""http://gshow.globo.com/tudo-mais/tv-e-famosos/noticia/filho-de-neymar-davi-lucca-impressiona-com-ingles-fluente-durante-entrevista.ghtml"", 0.1237]]"
http://gshow.globo.com/tudo-mais/tv-e-famosos/noticia/publico-compara-filha-com-personagem-de-gabriela-duarte-em-foto-publicada-pela-atriz.ghtml,"[[""http://gshow.globo.com/tudo-mais/tv-e-famosos/noticia/mister-m-reencontra-cid-moreira-e-aparece-em-foto-ao-lado-do-apresentador.ghtml"", 0.2055], [""http://gshow.globo.com/tudo-mais/tv-e-famosos/noticia/mae-de-larissa-manoela-silvana-fala-sobre-o-rompimento-com-a-filha.ghtml"", 0.1878], [""http://gshow.globo.com/tudo-mais/tv-e-famosos/noticia/sobrinha-de-preta-gil-flor-gil-posta-declaracao-apos-cirurgia-da-cantora-sua-forca-me-inspira.ghtml"", 0.1877], [""http://gshow.globo.com/novelas/amor-perfeito/vem-por-ai/noticia/amor-perfeito-julio-encontra-personagem-que-sera-peca-chave-em-virada-da-novela.ghtml"", 0.1863], [""http://gshow.globo.com/tudo-mais/tv-e-famosos/noticia/fas-lotam-rede-social-de-hugo-moura-apos-comentario-de-deborah-secco-o-brasil-ficou-curioso.ghtml"", 0.1862], [""http://gshow.globo.com/tudo-mais/tv-e-famosos/noticia/filho-de-murilo-benicio-e-alessandra-negrini-antonio-benicio-anima-seguidores-com-foto-sem-camisa.ghtml"", 0.171], [""http://gshow.globo.com/realities/no-limite/2023/noticia/unica-famosa-na-semifinal-carol-nakamura-chama-a-atencao-de-internautas-em-prova.ghtml"", 0.1649], [""http://gshow.globo.com/tudo-mais/pop/noticia/laura-cardoso-recebe-abraco-apertado-de-ingrid-guimaraes-no-festival-de-gramado.ghtml"", 0.1572], [""http://gshow.globo.com/tudo-mais/viralizou/noticia/anitta-repreende-fa-que-estaria-cobrando-dinheiro-do-publico-na-hora-da-foto-veja-video.ghtml"", 0.156], [""http://gshow.globo.com/tudo-mais/tv-e-famosos/noticia/mileide-mihaile-mostra-look-para-show-de-beyonce-em-miami-e-realiza-sonho-como-fa.ghtml"", 0.1535]]"
http://gshow.globo.com/novelas/terra-e-paixao/vem-por-ai/noticia/terra-e-paixao-irene-da-tapa-na-cara-de-angelina-por-causa-de-agatha.ghtml,"[[""http://gshow.globo.com/novelas/terra-e-paixao/noticia/irene-vibra-com-noticia-morte-de-agatha-em-terra-e-paixao.ghtml"", 0.5492], [""http://gshow.globo.com/novelas/terra-e-paixao/vem-por-ai/noticia/terra-e-paixao-agatha-corre-risco-de-morte-em-vinganca-de-irene-veja-fotos-exclusivas.ghtml"", 0.502], [""http://gshow.globo.com/novelas/terra-e-paixao/vem-por-ai/noticia/terra-e-paixao-agatha-revela-por-que-forjou-a-propria-morte.ghtml"", 0.4849], [""http://gshow.globo.com/novelas/terra-e-paixao/vem-por-ai/noticia/terra-e-paixao-luigi-e-anely-sao-presos.ghtml"", 0.4521], [""http://gshow.globo.com/novelas/terra-e-paixao/vem-por-ai/noticia/terra-e-paixao-luigi-e-anely-encontram-tesouro-em-barras-de-ouro.ghtml"", 0.3757], [""http://gshow.globo.com/novelas/fuzue/vem-por-ai/noticia/fuzue-luna-salva-a-vida-do-filho-de-preciosa.ghtml"", 0.3427], [""http://gshow.globo.com/novelas/terra-e-paixao/noticia/terra-e-paixao-debora-ozorio-detalha-estudo-sobre-abuso-sexual-para-viver-drama-de-petra.ghtml"", 0.3333], [""http://gshow.globo.com/novelas/amor-perfeito/vem-por-ai/noticia/amor-perfeito-orlando-descobre-pista-crucial-sobre-leonel-rubiao.ghtml"", 0.3207], [""http://gshow.globo.com/novelas/fuzue/vem-por-ai/noticia/fuzue-luna-e-surpreendida-por-preciosa-com-uma-faca-no-meio-da-mata.ghtml"", 0.2732], [""http://gshow.globo.com/novelas/fuzue/vem-por-ai/noticia/fuzue-preciosa-ameaca-com-faca-e-atacada-por-gansos-e-desmaia.ghtml"", 0.2479]]"
http://gshow.globo.com/novelas/terra-e-paixao/noticia/irene-vibra-com-noticia-morte-de-agatha-em-terra-e-paixao.ghtml,"[[""http://gshow.globo.com/novelas/terra-e-paixao/vem-por-ai/noticia/terra-e-paixao-irene-da-tapa-na-cara-de-angelina-por-causa-de-agatha.ghtml"", 0.5492], [""http://gshow.globo.com/novelas/terra-e-paixao/vem-por-ai/noticia/terra-e-paixao-agatha-corre-risco-de-morte-em-vinganca-de-irene-veja-fotos-exclusivas.ghtml"", 0.5073], [""http://gshow.globo.com/novelas/terra-e-paixao/vem-por-ai/noticia/terra-e-paixao-agatha-revela-por-que-forjou-a-propria-morte.ghtml"", 0.4111], [""http://gshow.globo.com/novelas/terra-e-paixao/noticia/terra-e-paixao-debora-ozorio-detalha-estudo-sobre-abuso-sexual-para-viver-drama-de-petra.ghtml"", 0.2577], [""http://gshow.globo.com/novelas/terra-e-paixao/vem-por-ai/noticia/terra-e-paixao-luigi-e-anely-sao-presos.ghtml"", 0.1914], [""http://gshow.globo.com/novelas/amor-perfeito/vem-por-ai/noticia/amor-perfeito-julio-encontra-personagem-que-sera-peca-chave-em-virada-da-novela.ghtml"", 0.1672], [""http://gshow.globo.com/tudo-mais/tv-e-famosos/noticia/felipe-neto-sai-em-defesa-de-luisa-sonza-apos-criticas-sobre-nova-musica.ghtml"", 0.1639], [""http://gshow.globo.com/novelas/amor-perfeito/noticia/orlando-almeida-comenta-casamento-de-orlando-e-gilda-em-amor-perfeito-e-derrocada-da-vila-esta-roda-vai-girar.ghtml"", 0.1602], [""http://gshow.globo.com/novelas/terra-e-paixao/resumo/20230828-a-20230903-12ed7334d52a4a768c78c458465631ab.ghtml"", 0.1548], [""http://gshow.globo.com/tudo-mais/tv-e-famosos/noticia/mae-de-larissa-manoela-silvana-fala-sobre-o-rompimento-com-a-filha.ghtml"", 0.1548]]"
http://gshow.globo.com/tudo-mais/tv-e-famosos/noticia/nasce-filha-de-bruno-do-klb-em-sao-paulo.ghtml,"[[""http://gshow.globo.com/tudo-mais/tv-e-famosos/noticia/segundo-filho-de-rihanna-e-aap-rocky-nasceu-no-inicio-do-mes-revela-site.ghtml"", 0.2895], [""http://gshow.globo.com/tudo-mais/tv-e-famosos/noticia/familia-de-neymar-celebra-anuncio-do-jogador-no-al-hilal-estamos-juntos.ghtml"", 0.1989], [""http://gshow.globo.com/tudo-mais/tv-e-famosos/noticia/filho-de-neymar-davi-lucca-impressiona-com-ingles-fluente-durante-entrevista.ghtml"", 0.1988], [""http://gshow.globo.com/tudo-mais/tv-e-famosos/noticia/bruna-biancardi-deseja-sorte-a-neymar-em-apresentacao-do-jogador-no-al-hilal.ghtml"", 0.1721], [""http://gshow.globo.com/tudo-mais/tv-e-famosos/noticia/zagallo-segue-internado-em-hospital-da-barra.ghtml"", 0.1665], [""http://gshow.globo.com/tudo-mais/tv-e-famosos/noticia/zagallo-apresenta-melhora-clinica-em-hospital-diz-boletim-medico.ghtml"", 0.1535], [""http://gshow.globo.com/realities/no-limite/2023/noticia/paratleta-campeao-do-no-limite-2023-dede-revela-o-que-fara-com-o-premio-e-agradece-fernando-fernandes-idolo.ghtml"", 0.1474], [""http://gshow.globo.com/tudo-mais/tv-e-famosos/noticia/conheca-carioca-de-21-anos-que-se-tornou-a-primeira-estudante-estrangeira-na-forca-aerea-dos-eua.ghtml"", 0.1382], [""http://gshow.globo.com/tudo-mais/tv-e-famosos/noticia/cezar-black-troca-beijos-com-morena-em-festival-de-musica-em-sao-paulo.ghtml"", 0.128], [""http://gshow.globo.com/tudo-mais/tv-e-famosos/noticia/mister-m-reencontra-cid-moreira-e-aparece-em-foto-ao-lado-do-apresentador.ghtml"", 0.1152]]"
http://gshow.globo.com/novelas/fuzue/resumo/20230828-a-20230903-4027771c62194aa1bc631806fe20aeef.ghtml,"[[""http://gshow.globo.com/novelas/terra-e-paixao/resumo/20230828-a-20230903-12ed7334d52a4a768c78c458465631ab.ghtml"", 0.9178], [""http://gshow.globo.com/moda-e-beleza/noticia/ronda-de-looks-veja-as-producoes-que-as-famosas-usaram-durante-os-eventos-da-semana.ghtml"", 0.2659], [""http://gshow.globo.com/novelas/fuzue/noticia/fuzue-memes-sobre-a-trama-ganham-redes-sociais-na-primeira-semana.ghtml"", 0.2386], [""http://gshow.globo.com/realities/no-limite/2023/noticia/desespero-em-desempate-com-eliminacao-dupla-marcam-o-penultimo-episodio-do-no-limite-2023.ghtml"", 0.2267], [""http://gshow.globo.com/tudo-mais/tv-e-famosos/noticia/veja-atores-que-sao-irmaos-na-vida-real-e-tambem-na-ficcao.ghtml"", 0.2179], [""http://gshow.globo.com/novelas/mundo-de-novela/noticia/forca-de-um-desejo-figurino-inspirado-em-imperatriz-e-personagem-revisitada-confira-outras-curiosidades.ghtml"", 0.1655], [""http://gshow.globo.com/tudo-mais/tv-e-famosos/noticia/maira-cardi-rebate-critica-de-daniel-cady.ghtml"", 0.1536], [""http://gshow.globo.com/novelas/amor-perfeito/vem-por-ai/noticia/amor-perfeito-jesus-resgata-frei-joao-da-morte-entenda-como-sera-a-cena.ghtml"", 0.136], [""http://gshow.globo.com/tudo-mais/tv-e-famosos/noticia/de-kim-kardashian-a-paris-hilton-veja-famosos-que-tiveram-filhos-por-meio-de-barriga-de-aluguel.ghtml"", 0.1342], [""http://gshow.globo.com/tudo-mais/pop/noticia/dublador-de-mario-se-aposenta-de-personagem-apos-mais-de-30-anos.ghtml"", 0.1243]]"
http://gshow.globo.com/tudo-mais/tv-e-famosos/noticia/maira-cardi-rebate-critica-de-daniel-cady.ghtml,"[[""http://gshow.globo.com/tudo-mais/tv-e-famosos/noticia/belle-silva-se-pronuncia-sobre-rumores-de-thiago-participar-em-programa-de-emagrecimento.ghtml"", 0.372], [""http://gshow.globo.com/tudo-mais/tv-e-famosos/noticia/maira-cardi-zilu-camargo-e-mais-veja-famosos-que-viraram-coach.ghtml"", 0.3012], [""http://gshow.globo.com/novelas/terra-e-paixao/noticia/gshow-em-terra-e-paixao-graca-e-jonatas-serao-flagrados-se-pegando.ghtml"", 0.3004], [""http://gshow.globo.com/tudo-mais/tv-e-famosos/noticia/veja-atores-que-sao-irmaos-na-vida-real-e-tambem-na-ficcao.ghtml"", 0.188], [""http://gshow.globo.com/tudo-mais/tv-e-famosos/noticia/dia-dos-solteiros-veja-17-famosos-cobicados-que-nao-namoram.ghtml"", 0.1799], [""http://gshow.globo.com/tudo-mais/tv-e-famosos/noticia/de-kim-kardashian-a-paris-hilton-veja-famosos-que-tiveram-filhos-por-meio-de-barriga-de-aluguel.ghtml"", 0.1775], [""http://gshow.globo.com/novelas/amor-perfeito/vem-por-ai/noticia/amor-perfeito-orlando-descobre-pista-crucial-sobre-leonel-rubiao.ghtml"", 0.1672], [""http://gshow.globo.com/novelas/fuzue/resumo/20230828-a-20230903-4027771c62194aa1bc631806fe20aeef.ghtml"", 0.1536], [""http://gshow.globo.com/tudo-mais/tv-e-famosos/noticia/maira-cardi-mostra-novos-prints-sobre-treta-com-mulher-de-thiago-silva.ghtml"", 0.1536], [""http://gshow.globo.com/novelas/terra-e-paixao/resumo/20230828-a-20230903-12ed7334d52a4a768c78c458465631ab.ghtml"", 0.15]]"
http://gshow.globo.com/tudo-mais/tv-e-famosos/noticia/veja-atores-que-sao-irmaos-na-vida-real-e-tambem-na-ficcao.ghtml,"[[""http://gshow.globo.com/tudo-mais/tv-e-famosos/noticia/dia-dos-solteiros-veja-17-famosos-cobicados-que-nao-namoram.ghtml"", 0.2981], [""http://gshow.globo.com/novelas/terra-e-paixao/noticia/gshow-em-terra-e-paixao-graca-e-jonatas-serao-flagrados-se-pegando.ghtml"", 0.2887], [""http://gshow.globo.com/tudo-mais/tv-e-famosos/noticia/maira-cardi-zilu-camargo-e-mais-veja-famosos-que-viraram-coach.ghtml"", 0.2744], [""http://gshow.globo.com/novelas/amor-perfeito/vem-por-ai/noticia/amor-perfeito-julio-encontra-personagem-que-sera-peca-chave-em-virada-da-novela.ghtml"", 0.237], [""http://gshow.globo.com/moda-e-beleza/noticia/ronda-de-looks-veja-as-producoes-que-as-famosas-usaram-durante-os-eventos-da-semana.ghtml"", 0.2346], [""http://gshow.globo.com/tudo-mais/pop/noticia/campo-nao-so-de-morangos-veja-artistas-que-como-luisa-sonza-usaram-frutas-em-seus-hits.ghtml"", 0.234], [""http://gshow.globo.com/novelas/fuzue/resumo/20230828-a-20230903-4027771c62194aa1bc631806fe20aeef.ghtml"", 0.2179], [""http://gshow.globo.com/novelas/terra-e-paixao/resumo/20230828-a-20230903-12ed7334d52a4a768c78c458465631ab.ghtml"", 0.2126], [""http://gshow.globo.com/tudo-mais/tv-e-famosos/noticia/maira-cardi-rebate-critica-de-daniel-cady.ghtml"", 0.188], [""http://gshow.globo.com/novelas/fuzue/noticia/fuzue-memes-sobre-a-trama-ganham-redes-sociais-na-primeira-semana.ghtml"", 0.1857]]"
http://gshow.globo.com/tudo-mais/tv-e-famosos/noticia/filho-de-murilo-benicio-e-alessandra-negrini-antonio-benicio-anima-seguidores-com-foto-sem-camisa.ghtml,"[[""http://gshow.globo.com/tudo-mais/tv-e-famosos/noticia/pedro-novaes-filho-de-marcelo-novaes-impressiona-com-bracos-a-mostra-em-look.ghtml"", 0.3751], [""http://gshow.globo.com/tudo-mais/tv-e-famosos/noticia/bruna-biancardi-deseja-sorte-a-neymar-em-apresentacao-do-jogador-no-al-hilal.ghtml"", 0.2568], [""http://gshow.globo.com/tudo-mais/tv-e-famosos/noticia/filho-de-neymar-davi-lucca-impressiona-com-ingles-fluente-durante-entrevista.ghtml"", 0.2222], [""http://gshow.globo.com/tudo-mais/tv-e-famosos/noticia/larissa-manoela-tem-dia-de-malhacao-com-o-noivo-andre-luiz-frambach.ghtml"", 0.2104], [""http://gshow.globo.com/tudo-mais/tv-e-famosos/noticia/sabrina-sato-e-marcelo-adnet-participam-do-lancamento-de-sobre-nos-dois.ghtml"", 0.1885], [""http://gshow.globo.com/tudo-mais/tv-e-famosos/noticia/mileide-mihaile-mostra-look-para-show-de-beyonce-em-miami-e-realiza-sonho-como-fa.ghtml"", 0.1748], [""http://gshow.globo.com/tudo-mais/tv-e-famosos/noticia/publico-compara-filha-com-personagem-de-gabriela-duarte-em-foto-publicada-pela-atriz.ghtml"", 0.171], [""http://gshow.globo.com/tudo-mais/tv-e-famosos/noticia/claudia-ohana-faz-book-com-roupa-estilosa-e-seguidores-elogiam-deusa-suprema.ghtml"", 0.1691], [""http://gshow.globo.com/tudo-mais/viralizou/noticia/larissa-manoela-ganhou-mais-de-2-milhoes-de-seguidores-apos-entrevista-sobre-o-rompimento-com-os-pais.ghtml"", 0.1664], [""http://gshow.globo.com/tudo-mais/tv-e-famosos/noticia/mister-m-reencontra-cid-moreira-e-aparece-em-foto-ao-lado-do-apresentador.ghtml"", 0.1556]]"
